ticker,earnings_date
AFN,2026-01-08
AFQ,2025-12-09
CQU,2025-12-23
CWP,2025-12-04
FAI,2025-12-04
FGY,2025-12-25
FHC,2025-12-19
FTR,2025-12-30
GCH,2025-12-08
GFY,2025-12-03
GGO,2025-11-25
GNE,2025-12-26
GPX,2025-12-08
KBJ,2025-12-29
KFZ,2025-12-25
KXL,2025-12-10
LYW,2025-11-12
NCB,2025-11-24
OFP,2025-12-04
PSB,2025-12-17
QAH,2025-12-03
QCL,2025-12-12
QJJ,2025-12-30
QPD,2025-12-31
QPE,2025-10-29
RNG,2025-12-22
RVU,2026-01-09
SEJ,2025-12-04
SIE,2025-12-09
USN,2026-01-12
VAU,2025-12-01
VQW,2025-11-28
WAS,2025-11-25
WIR,2025-12-30
XCK,2025-12-25
XWH,2026-01-02
YIC,2025-11-19
ZJO,2025-12-12
ZNZ,2026-01-01
ZQO,2025-10-22
