date,ticker,close
2025-10-01,AFN,200.69
2025-10-02,AFN,204.09
2025-10-03,AFN,197.22
2025-10-06,AFN,192.78
2025-10-07,AFN,193.25
2025-10-08,AFN,192.21
2025-10-09,AFN,192.2
2025-10-10,AFN,189.36
2025-10-13,AFN,192.36
2025-10-14,AFN,195.06
2025-10-15,AFN,195.33
2025-10-16,AFN,199.29
2025-10-17,AFN,200.99
2025-10-20,AFN,198.0
2025-10-21,AFN,199.33
2025-10-22,AFN,196.02
2025-10-23,AFN,199.13
2025-10-24,AFN,198.99
2025-10-27,AFN,198.38
2025-10-28,AFN,196.05
2025-10-29,AFN,200.37
2025-10-30,AFN,199.86
2025-10-31,AFN,198.4
2025-11-03,AFN,197.21
2025-11-04,AFN,199.11
2025-11-05,AFN,200.44
2025-11-06,AFN,201.95
2025-11-07,AFN,203.53
2025-11-10,AFN,211.41
2025-11-11,AFN,209.94
2025-11-12,AFN,208.1
2025-11-13,AFN,205.17
2025-11-14,AFN,207.45
2025-11-17,AFN,211.67
2025-11-18,AFN,211.29
2025-11-19,AFN,208.22
2025-11-20,AFN,205.25
2025-11-21,AFN,207.66
2025-11-24,AFN,210.45
2025-11-25,AFN,212.52
2025-11-26,AFN,210.08
2025-11-27,AFN,210.98
2025-11-28,AFN,211.46
2025-12-01,AFN,212.32
2025-12-02,AFN,215.66
2025-12-03,AFN,216.55
2025-12-04,AFN,219.21
2025-12-05,AFN,219.51
2025-12-08,AFN,220.68
2025-12-09,AFN,223.2
2025-12-10,AFN,217.57
2025-12-11,AFN,216.39
2025-12-12,AFN,214.65
2025-12-15,AFN,212.28
2025-12-16,AFN,211.29
2025-12-17,AFN,216.99
2025-12-18,AFN,213.74
2025-12-19,AFN,217.47
2025-12-22,AFN,211.14
2025-12-23,AFN,209.94
2025-12-24,AFN,210.59
2025-12-25,AFN,212.82
2025-12-26,AFN,215.55
2025-12-29,AFN,218.64
2025-12-30,AFN,217.34
2025-12-31,AFN,215.62
2026-01-01,AFN,218.95
2026-01-02,AFN,218.26
2026-01-05,AFN,213.44
2026-01-06,AFN,209.25
2026-01-07,AFN,205.92
2026-01-08,AFN,207.78
2026-01-09,AFN,208.35
2026-01-12,AFN,210.94
2026-01-13,AFN,209.4
2026-01-14,AFN,210.03
2026-01-15,AFN,212.4
2026-01-16,AFN,211.29
2026-01-19,AFN,213.04
2026-01-20,AFN,210.61
2026-01-21,AFN,209.31
2026-01-22,AFN,207.94
2026-01-23,AFN,203.64
2026-01-26,AFN,205.44
2026-01-27,AFN,203.78
2026-01-28,AFN,203.87
2026-01-29,AFN,205.65
2026-01-30,AFN,207.32
2026-02-02,AFN,209.81
2026-02-03,AFN,209.49
2025-10-01,AFQ,86.13
2025-10-02,AFQ,83.46
2025-10-03,AFQ,81.1
2025-10-06,AFQ,79.37
2025-10-07,AFQ,80.08
2025-10-08,AFQ,78.52
2025-10-09,AFQ,77.89
2025-10-10,AFQ,80.15
2025-10-13,AFQ,79.55
2025-10-14,AFQ,80.86
2025-10-15,AFQ,79.24
2025-10-16,AFQ,78.9
2025-10-17,AFQ,77.29
2025-10-20,AFQ,76.74
2025-10-21,AFQ,78.18
2025-10-22,AFQ,75.29
2025-10-23,AFQ,76.03
2025-10-24,AFQ,76.44
2025-10-27,AFQ,75.47
2025-10-28,AFQ,73.13
2025-10-29,AFQ,73.26
2025-10-30,AFQ,72.43
2025-10-31,AFQ,72.82
2025-11-03,AFQ,72.87
2025-11-04,AFQ,75.48
2025-11-05,AFQ,75.1
2025-11-06,AFQ,73.45
2025-11-07,AFQ,73.76
2025-11-10,AFQ,74.13
2025-11-11,AFQ,76.38
2025-11-12,AFQ,77.8
2025-11-13,AFQ,78.43
2025-11-14,AFQ,80.99
2025-11-17,AFQ,78.93
2025-11-18,AFQ,77.85
2025-11-19,AFQ,76.3
2025-11-20,AFQ,75.67
2025-11-21,AFQ,73.44
2025-11-24,AFQ,74.48
2025-11-25,AFQ,74.14
2025-11-26,AFQ,71.81
2025-11-27,AFQ,70.24
2025-11-28,AFQ,70.74
2025-12-01,AFQ,72.06
2025-12-02,AFQ,75.29
2025-12-03,AFQ,80.26
2025-12-04,AFQ,81.01
2025-12-05,AFQ,79.29
2025-12-08,AFQ,75.7
2025-12-09,AFQ,76.16
2025-12-10,AFQ,74.83
2025-12-11,AFQ,74.17
2025-12-12,AFQ,73.2
2025-12-15,AFQ,72.99
2025-12-16,AFQ,74.72
2025-12-17,AFQ,74.99
2025-12-18,AFQ,74.75
2025-12-19,AFQ,73.09
2025-12-22,AFQ,70.48
2025-12-23,AFQ,69.74
2025-12-24,AFQ,69.68
2025-12-25,AFQ,72.44
2025-12-26,AFQ,72.66
2025-12-29,AFQ,74.25
2025-12-30,AFQ,73.46
2025-12-31,AFQ,71.6
2026-01-01,AFQ,70.11
2026-01-02,AFQ,69.02
2026-01-05,AFQ,72.33
2026-01-06,AFQ,71.05
2026-01-07,AFQ,72.38
2026-01-08,AFQ,70.98
2026-01-09,AFQ,72.46
2026-01-12,AFQ,73.09
2026-01-13,AFQ,72.85
2026-01-14,AFQ,72.8
2026-01-15,AFQ,71.78
2026-01-16,AFQ,72.5
2026-01-19,AFQ,71.79
2026-01-20,AFQ,69.91
2026-01-21,AFQ,68.0
2026-01-22,AFQ,68.27
2026-01-23,AFQ,70.68
2026-01-26,AFQ,70.94
2026-01-27,AFQ,70.77
2026-01-28,AFQ,71.23
2026-01-29,AFQ,73.31
2026-01-30,AFQ,73.68
2026-02-02,AFQ,73.03
2026-02-03,AFQ,74.83
2025-10-01,CQU,41.92
2025-10-02,CQU,40.7
2025-10-03,CQU,39.37
2025-10-06,CQU,40.99
2025-10-07,CQU,42.77
2025-10-08,CQU,42.59
2025-10-09,CQU,42.2
2025-10-10,CQU,43.74
2025-10-13,CQU,42.58
2025-10-14,CQU,41.67
2025-10-15,CQU,42.34
2025-10-16,CQU,41.94
2025-10-17,CQU,41.94
2025-10-20,CQU,41.79
2025-10-21,CQU,42.14
2025-10-22,CQU,43.62
2025-10-23,CQU,43.73
2025-10-24,CQU,44.43
2025-10-27,CQU,42.27
2025-10-28,CQU,42.23
2025-10-29,CQU,41.37
2025-10-30,CQU,40.17
2025-10-31,CQU,39.32
2025-11-03,CQU,39.01
2025-11-04,CQU,39.9
2025-11-05,CQU,38.64
2025-11-06,CQU,38.67
2025-11-07,CQU,38.23
2025-11-10,CQU,37.93
2025-11-11,CQU,38.88
2025-11-12,CQU,39.4
2025-11-13,CQU,40.72
2025-11-14,CQU,40.57
2025-11-17,CQU,39.9
2025-11-18,CQU,39.69
2025-11-19,CQU,39.93
2025-11-20,CQU,40.11
2025-11-21,CQU,39.07
2025-11-24,CQU,39.16
2025-11-25,CQU,39.39
2025-11-26,CQU,41.9
2025-11-27,CQU,43.87
2025-11-28,CQU,42.98
2025-12-01,CQU,42.68
2025-12-02,CQU,41.19
2025-12-03,CQU,40.61
2025-12-04,CQU,40.93
2025-12-05,CQU,42.17
2025-12-08,CQU,41.43
2025-12-09,CQU,40.78
2025-12-10,CQU,38.71
2025-12-11,CQU,38.56
2025-12-12,CQU,37.58
2025-12-15,CQU,37.1
2025-12-16,CQU,36.32
2025-12-17,CQU,36.25
2025-12-18,CQU,34.73
2025-12-19,CQU,33.52
2025-12-22,CQU,35.31
2025-12-23,CQU,34.23
2025-12-24,CQU,33.33
2025-12-25,CQU,34.86
2025-12-26,CQU,37.44
2025-12-29,CQU,36.39
2025-12-30,CQU,36.07
2025-12-31,CQU,36.38
2026-01-01,CQU,37.95
2026-01-02,CQU,37.06
2026-01-05,CQU,36.84
2026-01-06,CQU,37.56
2026-01-07,CQU,37.97
2026-01-08,CQU,37.63
2026-01-09,CQU,37.51
2026-01-12,CQU,36.28
2026-01-13,CQU,36.08
2026-01-14,CQU,35.85
2026-01-15,CQU,36.06
2026-01-16,CQU,35.58
2026-01-19,CQU,36.0
2026-01-20,CQU,36.91
2026-01-21,CQU,37.06
2026-01-22,CQU,37.39
2026-01-23,CQU,37.44
2026-01-26,CQU,37.45
2026-01-27,CQU,36.8
2026-01-28,CQU,37.09
2026-01-29,CQU,37.01
2026-01-30,CQU,38.96
2026-02-02,CQU,40.5
2026-02-03,CQU,40.89
2025-10-01,CWP,31.47
2025-10-02,CWP,30.91
2025-10-03,CWP,31.52
2025-10-06,CWP,31.66
2025-10-07,CWP,31.92
2025-10-08,CWP,31.03
2025-10-09,CWP,31.51
2025-10-10,CWP,31.75
2025-10-13,CWP,31.19
2025-10-14,CWP,30.96
2025-10-15,CWP,31.09
2025-10-16,CWP,31.13
2025-10-17,CWP,30.99
2025-10-20,CWP,30.94
2025-10-21,CWP,30.82
2025-10-22,CWP,30.9
2025-10-23,CWP,31.66
2025-10-24,CWP,30.37
2025-10-27,CWP,30.26
2025-10-28,CWP,30.35
2025-10-29,CWP,30.51
2025-10-30,CWP,30.33
2025-10-31,CWP,29.48
2025-11-03,CWP,29.65
2025-11-04,CWP,30.49
2025-11-05,CWP,29.75
2025-11-06,CWP,30.18
2025-11-07,CWP,30.02
2025-11-10,CWP,30.0
2025-11-11,CWP,29.5
2025-11-12,CWP,29.34
2025-11-13,CWP,29.97
2025-11-14,CWP,30.26
2025-11-17,CWP,31.13
2025-11-18,CWP,31.74
2025-11-19,CWP,31.97
2025-11-20,CWP,32.9
2025-11-21,CWP,33.14
2025-11-24,CWP,33.59
2025-11-25,CWP,33.44
2025-11-26,CWP,33.48
2025-11-27,CWP,33.11
2025-11-28,CWP,33.65
2025-12-01,CWP,33.02
2025-12-02,CWP,33.45
2025-12-03,CWP,33.35
2025-12-04,CWP,34.0
2025-12-05,CWP,34.42
2025-12-08,CWP,35.46
2025-12-09,CWP,35.89
2025-12-10,CWP,35.0
2025-12-11,CWP,34.97
2025-12-12,CWP,34.31
2025-12-15,CWP,34.03
2025-12-16,CWP,34.89
2025-12-17,CWP,35.26
2025-12-18,CWP,34.86
2025-12-19,CWP,34.3
2025-12-22,CWP,34.33
2025-12-23,CWP,33.66
2025-12-24,CWP,33.31
2025-12-25,CWP,33.48
2025-12-26,CWP,34.12
2025-12-29,CWP,34.47
2025-12-30,CWP,33.22
2025-12-31,CWP,33.39
2026-01-01,CWP,33.43
2026-01-02,CWP,33.67
2026-01-05,CWP,34.57
2026-01-06,CWP,33.44
2026-01-07,CWP,33.12
2026-01-08,CWP,33.45
2026-01-09,CWP,32.61
2026-01-12,CWP,33.41
2026-01-13,CWP,33.61
2026-01-14,CWP,34.08
2026-01-15,CWP,33.78
2026-01-16,CWP,34.23
2026-01-19,CWP,34.84
2026-01-20,CWP,34.98
2026-01-21,CWP,35.12
2026-01-22,CWP,35.28
2026-01-23,CWP,34.79
2026-01-26,CWP,34.72
2026-01-27,CWP,34.64
2026-01-28,CWP,34.86
2026-01-29,CWP,35.44
2026-01-30,CWP,34.84
2026-02-02,CWP,34.78
2026-02-03,CWP,35.63
2025-10-01,FAI,148.07
2025-10-02,FAI,151.72
2025-10-03,FAI,151.8
2025-10-06,FAI,157.71
2025-10-07,FAI,161.66
2025-10-08,FAI,165.63
2025-10-09,FAI,168.31
2025-10-10,FAI,179.93
2025-10-13,FAI,178.91
2025-10-14,FAI,168.98
2025-10-15,FAI,176.95
2025-10-16,FAI,174.68
2025-10-17,FAI,175.26
2025-10-20,FAI,181.98
2025-10-21,FAI,173.87
2025-10-22,FAI,167.79
2025-10-23,FAI,160.31
2025-10-24,FAI,156.74
2025-10-27,FAI,158.76
2025-10-28,FAI,161.19
2025-10-29,FAI,162.5
2025-10-30,FAI,156.1
2025-10-31,FAI,146.15
2025-11-03,FAI,146.4
2025-11-04,FAI,144.47
2025-11-05,FAI,146.41
2025-11-06,FAI,149.41
2025-11-07,FAI,150.03
2025-11-10,FAI,153.36
2025-11-11,FAI,154.4
2025-11-12,FAI,156.79
2025-11-13,FAI,153.69
2025-11-14,FAI,152.93
2025-11-17,FAI,153.83
2025-11-18,FAI,157.51
2025-11-19,FAI,155.78
2025-11-20,FAI,158.15
2025-11-21,FAI,156.98
2025-11-24,FAI,156.49
2025-11-25,FAI,160.27
2025-11-26,FAI,151.43
2025-11-27,FAI,145.94
2025-11-28,FAI,139.92
2025-12-01,FAI,130.91
2025-12-02,FAI,128.42
2025-12-03,FAI,131.23
2025-12-04,FAI,130.19
2025-12-05,FAI,130.95
2025-12-08,FAI,135.12
2025-12-09,FAI,140.38
2025-12-10,FAI,140.13
2025-12-11,FAI,145.69
2025-12-12,FAI,146.11
2025-12-15,FAI,142.68
2025-12-16,FAI,140.3
2025-12-17,FAI,134.51
2025-12-18,FAI,131.16
2025-12-19,FAI,129.85
2025-12-22,FAI,132.9
2025-12-23,FAI,139.63
2025-12-24,FAI,134.25
2025-12-25,FAI,135.79
2025-12-26,FAI,131.84
2025-12-29,FAI,133.66
2025-12-30,FAI,133.19
2025-12-31,FAI,126.42
2026-01-01,FAI,129.85
2026-01-02,FAI,127.65
2026-01-05,FAI,125.74
2026-01-06,FAI,121.97
2026-01-07,FAI,119.74
2026-01-08,FAI,121.24
2026-01-09,FAI,120.61
2026-01-12,FAI,121.77
2026-01-13,FAI,123.06
2026-01-14,FAI,127.82
2026-01-15,FAI,126.6
2026-01-16,FAI,121.39
2026-01-19,FAI,125.18
2026-01-20,FAI,124.02
2026-01-21,FAI,128.06
2026-01-22,FAI,129.5
2026-01-23,FAI,129.04
2026-01-26,FAI,130.36
2026-01-27,FAI,137.87
2026-01-28,FAI,146.33
2026-01-29,FAI,146.65
2026-01-30,FAI,147.36
2026-02-02,FAI,151.99
2026-02-03,FAI,148.39
2025-10-01,FGY,161.67
2025-10-02,FGY,158.77
2025-10-03,FGY,153.35
2025-10-06,FGY,146.56
2025-10-07,FGY,143.03
2025-10-08,FGY,141.63
2025-10-09,FGY,140.75
2025-10-10,FGY,146.89
2025-10-13,FGY,150.54
2025-10-14,FGY,147.42
2025-10-15,FGY,148.58
2025-10-16,FGY,147.28
2025-10-17,FGY,146.4
2025-10-20,FGY,147.02
2025-10-21,FGY,149.07
2025-10-22,FGY,147.99
2025-10-23,FGY,151.52
2025-10-24,FGY,147.79
2025-10-27,FGY,147.84
2025-10-28,FGY,156.56
2025-10-29,FGY,157.36
2025-10-30,FGY,162.42
2025-10-31,FGY,162.78
2025-11-03,FGY,164.9
2025-11-04,FGY,164.73
2025-11-05,FGY,164.15
2025-11-06,FGY,161.39
2025-11-07,FGY,162.96
2025-11-10,FGY,159.97
2025-11-11,FGY,162.36
2025-11-12,FGY,166.31
2025-11-13,FGY,167.69
2025-11-14,FGY,166.67
2025-11-17,FGY,168.37
2025-11-18,FGY,167.27
2025-11-19,FGY,170.78
2025-11-20,FGY,164.08
2025-11-21,FGY,162.9
2025-11-24,FGY,155.97
2025-11-25,FGY,150.96
2025-11-26,FGY,155.58
2025-11-27,FGY,158.7
2025-11-28,FGY,156.24
2025-12-01,FGY,151.2
2025-12-02,FGY,141.7
2025-12-03,FGY,140.05
2025-12-04,FGY,147.72
2025-12-05,FGY,149.17
2025-12-08,FGY,147.38
2025-12-09,FGY,148.92
2025-12-10,FGY,143.93
2025-12-11,FGY,143.02
2025-12-12,FGY,143.36
2025-12-15,FGY,143.12
2025-12-16,FGY,145.66
2025-12-17,FGY,146.79
2025-12-18,FGY,148.99
2025-12-19,FGY,146.79
2025-12-22,FGY,149.74
2025-12-23,FGY,155.22
2025-12-24,FGY,151.98
2025-12-25,FGY,149.08
2025-12-26,FGY,153.55
2025-12-29,FGY,152.93
2025-12-30,FGY,157.75
2025-12-31,FGY,156.26
2026-01-01,FGY,161.37
2026-01-02,FGY,161.86
2026-01-05,FGY,162.82
2026-01-06,FGY,168.54
2026-01-07,FGY,167.24
2026-01-08,FGY,163.86
2026-01-09,FGY,162.28
2026-01-12,FGY,163.93
2026-01-13,FGY,158.42
2026-01-14,FGY,160.69
2026-01-15,FGY,158.83
2026-01-16,FGY,162.92
2026-01-19,FGY,154.6
2026-01-20,FGY,151.99
2026-01-21,FGY,146.49
2026-01-22,FGY,143.88
2026-01-23,FGY,144.7
2026-01-26,FGY,144.16
2026-01-27,FGY,143.39
2026-01-28,FGY,142.92
2026-01-29,FGY,143.58
2026-01-30,FGY,140.47
2026-02-02,FGY,142.69
2026-02-03,FGY,144.81
2025-10-01,FHC,215.46
2025-10-02,FHC,223.82
2025-10-03,FHC,223.51
2025-10-06,FHC,222.28
2025-10-07,FHC,219.22
2025-10-08,FHC,215.09
2025-10-09,FHC,210.21
2025-10-10,FHC,206.8
2025-10-13,FHC,206.57
2025-10-14,FHC,207.9
2025-10-15,FHC,208.14
2025-10-16,FHC,205.24
2025-10-17,FHC,208.75
2025-10-20,FHC,211.68
2025-10-21,FHC,211.1
2025-10-22,FHC,208.59
2025-10-23,FHC,210.77
2025-10-24,FHC,211.55
2025-10-27,FHC,205.97
2025-10-28,FHC,205.75
2025-10-29,FHC,206.79
2025-10-30,FHC,203.4
2025-10-31,FHC,204.16
2025-11-03,FHC,198.75
2025-11-04,FHC,203.79
2025-11-05,FHC,208.62
2025-11-06,FHC,207.69
2025-11-07,FHC,209.14
2025-11-10,FHC,200.0
2025-11-11,FHC,195.78
2025-11-12,FHC,194.75
2025-11-13,FHC,190.94
2025-11-14,FHC,193.54
2025-11-17,FHC,200.91
2025-11-18,FHC,196.6
2025-11-19,FHC,193.59
2025-11-20,FHC,194.48
2025-11-21,FHC,200.45
2025-11-24,FHC,195.97
2025-11-25,FHC,196.92
2025-11-26,FHC,203.76
2025-11-27,FHC,197.63
2025-11-28,FHC,193.01
2025-12-01,FHC,191.53
2025-12-02,FHC,189.72
2025-12-03,FHC,192.65
2025-12-04,FHC,193.56
2025-12-05,FHC,187.3
2025-12-08,FHC,189.15
2025-12-09,FHC,187.16
2025-12-10,FHC,191.69
2025-12-11,FHC,189.51
2025-12-12,FHC,187.31
2025-12-15,FHC,189.25
2025-12-16,FHC,191.99
2025-12-17,FHC,193.64
2025-12-18,FHC,187.69
2025-12-19,FHC,189.62
2025-12-22,FHC,186.04
2025-12-23,FHC,186.9
2025-12-24,FHC,182.04
2025-12-25,FHC,183.6
2025-12-26,FHC,180.9
2025-12-29,FHC,176.67
2025-12-30,FHC,179.06
2025-12-31,FHC,179.91
2026-01-01,FHC,177.9
2026-01-02,FHC,182.81
2026-01-05,FHC,181.35
2026-01-06,FHC,181.49
2026-01-07,FHC,182.44
2026-01-08,FHC,180.39
2026-01-09,FHC,182.01
2026-01-12,FHC,180.25
2026-01-13,FHC,178.91
2026-01-14,FHC,183.54
2026-01-15,FHC,180.06
2026-01-16,FHC,172.18
2026-01-19,FHC,177.46
2026-01-20,FHC,186.12
2026-01-21,FHC,184.76
2026-01-22,FHC,178.25
2026-01-23,FHC,177.26
2026-01-26,FHC,176.35
2026-01-27,FHC,175.77
2026-01-28,FHC,172.19
2026-01-29,FHC,174.1
2026-01-30,FHC,175.84
2026-02-02,FHC,171.05
2026-02-03,FHC,173.33
2025-10-01,FTR,248.54
2025-10-02,FTR,248.08
2025-10-03,FTR,250.35
2025-10-06,FTR,244.19
2025-10-07,FTR,244.82
2025-10-08,FTR,243.49
2025-10-09,FTR,250.16
2025-10-10,FTR,249.58
2025-10-13,FTR,255.75
2025-10-14,FTR,251.73
2025-10-15,FTR,253.94
2025-10-16,FTR,255.17
2025-10-17,FTR,252.02
2025-10-20,FTR,252.72
2025-10-21,FTR,257.26
2025-10-22,FTR,256.1
2025-10-23,FTR,249.94
2025-10-24,FTR,249.93
2025-10-27,FTR,246.72
2025-10-28,FTR,245.55
2025-10-29,FTR,245.31
2025-10-30,FTR,239.35
2025-10-31,FTR,233.85
2025-11-03,FTR,235.54
2025-11-04,FTR,233.81
2025-11-05,FTR,225.3
2025-11-06,FTR,227.93
2025-11-07,FTR,228.88
2025-11-10,FTR,226.57
2025-11-11,FTR,222.32
2025-11-12,FTR,225.08
2025-11-13,FTR,226.27
2025-11-14,FTR,234.28
2025-11-17,FTR,235.76
2025-11-18,FTR,237.14
2025-11-19,FTR,236.61
2025-11-20,FTR,239.48
2025-11-21,FTR,241.72
2025-11-24,FTR,246.2
2025-11-25,FTR,244.39
2025-11-26,FTR,242.9
2025-11-27,FTR,241.26
2025-11-28,FTR,244.1
2025-12-01,FTR,249.52
2025-12-02,FTR,247.91
2025-12-03,FTR,246.43
2025-12-04,FTR,247.61
2025-12-05,FTR,246.78
2025-12-08,FTR,250.26
2025-12-09,FTR,242.26
2025-12-10,FTR,239.42
2025-12-11,FTR,236.76
2025-12-12,FTR,228.96
2025-12-15,FTR,225.83
2025-12-16,FTR,222.89
2025-12-17,FTR,222.28
2025-12-18,FTR,225.95
2025-12-19,FTR,225.19
2025-12-22,FTR,221.89
2025-12-23,FTR,221.75
2025-12-24,FTR,225.2
2025-12-25,FTR,222.08
2025-12-26,FTR,219.21
2025-12-29,FTR,221.03
2025-12-30,FTR,220.37
2025-12-31,FTR,222.49
2026-01-01,FTR,222.5
2026-01-02,FTR,224.82
2026-01-05,FTR,221.51
2026-01-06,FTR,221.51
2026-01-07,FTR,220.88
2026-01-08,FTR,217.06
2026-01-09,FTR,212.23
2026-01-12,FTR,214.4
2026-01-13,FTR,213.35
2026-01-14,FTR,210.25
2026-01-15,FTR,210.0
2026-01-16,FTR,213.51
2026-01-19,FTR,206.59
2026-01-20,FTR,202.19
2026-01-21,FTR,199.54
2026-01-22,FTR,203.86
2026-01-23,FTR,204.74
2026-01-26,FTR,207.08
2026-01-27,FTR,203.72
2026-01-28,FTR,200.47
2026-01-29,FTR,201.82
2026-01-30,FTR,202.03
2026-02-02,FTR,203.69
2026-02-03,FTR,203.17
2025-10-01,GCH,232.86
2025-10-02,GCH,234.45
2025-10-03,GCH,231.4
2025-10-06,GCH,227.22
2025-10-07,GCH,229.14
2025-10-08,GCH,231.43
2025-10-09,GCH,229.55
2025-10-10,GCH,226.12
2025-10-13,GCH,226.35
2025-10-14,GCH,228.13
2025-10-15,GCH,231.56
2025-10-16,GCH,232.59
2025-10-17,GCH,231.93
2025-10-20,GCH,230.28
2025-10-21,GCH,230.35
2025-10-22,GCH,229.83
2025-10-23,GCH,227.97
2025-10-24,GCH,231.88
2025-10-27,GCH,235.35
2025-10-28,GCH,237.6
2025-10-29,GCH,235.86
2025-10-30,GCH,237.57
2025-10-31,GCH,238.86
2025-11-03,GCH,239.78
2025-11-04,GCH,242.3
2025-11-05,GCH,243.62
2025-11-06,GCH,245.15
2025-11-07,GCH,246.48
2025-11-10,GCH,247.22
2025-11-11,GCH,243.68
2025-11-12,GCH,243.89
2025-11-13,GCH,242.83
2025-11-14,GCH,240.34
2025-11-17,GCH,243.73
2025-11-18,GCH,247.26
2025-11-19,GCH,250.09
2025-11-20,GCH,250.66
2025-11-21,GCH,253.5
2025-11-24,GCH,253.58
2025-11-25,GCH,254.05
2025-11-26,GCH,251.83
2025-11-27,GCH,252.71
2025-11-28,GCH,252.88
2025-12-01,GCH,250.24
2025-12-02,GCH,250.19
2025-12-03,GCH,250.08
2025-12-04,GCH,253.84
2025-12-05,GCH,255.76
2025-12-08,GCH,255.84
2025-12-09,GCH,256.41
2025-12-10,GCH,256.56
2025-12-11,GCH,256.18
2025-12-12,GCH,253.97
2025-12-15,GCH,253.7
2025-12-16,GCH,252.2
2025-12-17,GCH,249.68
2025-12-18,GCH,250.78
2025-12-19,GCH,251.64
2025-12-22,GCH,248.02
2025-12-23,GCH,247.82
2025-12-24,GCH,249.91
2025-12-25,GCH,252.14
2025-12-26,GCH,254.32
2025-12-29,GCH,254.45
2025-12-30,GCH,252.75
2025-12-31,GCH,250.56
2026-01-01,GCH,251.32
2026-01-02,GCH,252.15
2026-01-05,GCH,254.88
2026-01-06,GCH,257.24
2026-01-07,GCH,257.01
2026-01-08,GCH,254.45
2026-01-09,GCH,253.84
2026-01-12,GCH,254.34
2026-01-13,GCH,253.97
2026-01-14,GCH,252.82
2026-01-15,GCH,253.4
2026-01-16,GCH,252.4
2026-01-19,GCH,251.16
2026-01-20,GCH,251.85
2026-01-21,GCH,251.07
2026-01-22,GCH,251.62
2026-01-23,GCH,252.24
2026-01-26,GCH,249.94
2026-01-27,GCH,249.01
2026-01-28,GCH,252.01
2026-01-29,GCH,249.67
2026-01-30,GCH,245.42
2026-02-02,GCH,241.75
2026-02-03,GCH,241.86
2025-10-01,GFY,109.76
2025-10-02,GFY,104.24
2025-10-03,GFY,105.06
2025-10-06,GFY,108.31
2025-10-07,GFY,105.99
2025-10-08,GFY,105.23
2025-10-09,GFY,103.73
2025-10-10,GFY,101.97
2025-10-13,GFY,101.35
2025-10-14,GFY,104.21
2025-10-15,GFY,108.01
2025-10-16,GFY,107.33
2025-10-17,GFY,111.39
2025-10-20,GFY,111.49
2025-10-21,GFY,115.36
2025-10-22,GFY,115.18
2025-10-23,GFY,115.49
2025-10-24,GFY,116.34
2025-10-27,GFY,123.75
2025-10-28,GFY,125.83
2025-10-29,GFY,124.15
2025-10-30,GFY,126.52
2025-10-31,GFY,125.67
2025-11-03,GFY,124.5
2025-11-04,GFY,126.74
2025-11-05,GFY,126.84
2025-11-06,GFY,127.55
2025-11-07,GFY,127.61
2025-11-10,GFY,128.47
2025-11-11,GFY,129.56
2025-11-12,GFY,124.82
2025-11-13,GFY,126.46
2025-11-14,GFY,124.1
2025-11-17,GFY,120.71
2025-11-18,GFY,120.6
2025-11-19,GFY,120.82
2025-11-20,GFY,119.23
2025-11-21,GFY,121.19
2025-11-24,GFY,118.1
2025-11-25,GFY,117.2
2025-11-26,GFY,115.9
2025-11-27,GFY,115.82
2025-11-28,GFY,116.47
2025-12-01,GFY,114.24
2025-12-02,GFY,115.88
2025-12-03,GFY,116.04
2025-12-04,GFY,111.89
2025-12-05,GFY,107.74
2025-12-08,GFY,107.74
2025-12-09,GFY,107.3
2025-12-10,GFY,107.11
2025-12-11,GFY,107.07
2025-12-12,GFY,107.56
2025-12-15,GFY,109.58
2025-12-16,GFY,107.26
2025-12-17,GFY,104.88
2025-12-18,GFY,102.7
2025-12-19,GFY,103.3
2025-12-22,GFY,105.84
2025-12-23,GFY,104.98
2025-12-24,GFY,100.03
2025-12-25,GFY,96.8
2025-12-26,GFY,95.27
2025-12-29,GFY,94.27
2025-12-30,GFY,93.54
2025-12-31,GFY,93.63
2026-01-01,GFY,93.09
2026-01-02,GFY,95.02
2026-01-05,GFY,93.8
2026-01-06,GFY,92.26
2026-01-07,GFY,93.14
2026-01-08,GFY,90.43
2026-01-09,GFY,91.13
2026-01-12,GFY,91.33
2026-01-13,GFY,91.09
2026-01-14,GFY,93.96
2026-01-15,GFY,92.85
2026-01-16,GFY,96.65
2026-01-19,GFY,96.25
2026-01-20,GFY,93.91
2026-01-21,GFY,94.06
2026-01-22,GFY,92.14
2026-01-23,GFY,90.82
2026-01-26,GFY,91.54
2026-01-27,GFY,92.55
2026-01-28,GFY,91.46
2026-01-29,GFY,93.25
2026-01-30,GFY,95.38
2026-02-02,GFY,98.09
2026-02-03,GFY,99.12
2025-10-01,GGO,76.82
2025-10-02,GGO,75.95
2025-10-03,GGO,76.09
2025-10-06,GGO,75.52
2025-10-07,GGO,75.37
2025-10-08,GGO,77.31
2025-10-09,GGO,77.15
2025-10-10,GGO,77.59
2025-10-13,GGO,77.37
2025-10-14,GGO,77.46
2025-10-15,GGO,77.48
2025-10-16,GGO,77.96
2025-10-17,GGO,79.21
2025-10-20,GGO,80.99
2025-10-21,GGO,81.34
2025-10-22,GGO,82.0
2025-10-23,GGO,80.76
2025-10-24,GGO,80.68
2025-10-27,GGO,81.72
2025-10-28,GGO,82.69
2025-10-29,GGO,82.94
2025-10-30,GGO,83.95
2025-10-31,GGO,84.52
2025-11-03,GGO,85.91
2025-11-04,GGO,86.26
2025-11-05,GGO,85.86
2025-11-06,GGO,86.27
2025-11-07,GGO,82.97
2025-11-10,GGO,83.41
2025-11-11,GGO,79.45
2025-11-12,GGO,77.65
2025-11-13,GGO,78.14
2025-11-14,GGO,78.66
2025-11-17,GGO,77.46
2025-11-18,GGO,76.74
2025-11-19,GGO,78.18
2025-11-20,GGO,77.69
2025-11-21,GGO,80.07
2025-11-24,GGO,80.08
2025-11-25,GGO,80.54
2025-11-26,GGO,82.32
2025-11-27,GGO,82.48
2025-11-28,GGO,81.39
2025-12-01,GGO,81.29
2025-12-02,GGO,81.27
2025-12-03,GGO,79.81
2025-12-04,GGO,79.56
2025-12-05,GGO,78.79
2025-12-08,GGO,79.78
2025-12-09,GGO,79.84
2025-12-10,GGO,79.55
2025-12-11,GGO,79.45
2025-12-12,GGO,79.71
2025-12-15,GGO,80.38
2025-12-16,GGO,79.33
2025-12-17,GGO,78.25
2025-12-18,GGO,79.43
2025-12-19,GGO,79.01
2025-12-22,GGO,77.54
2025-12-23,GGO,78.02
2025-12-24,GGO,78.52
2025-12-25,GGO,76.94
2025-12-26,GGO,77.19
2025-12-29,GGO,77.97
2025-12-30,GGO,78.38
2025-12-31,GGO,79.06
2026-01-01,GGO,77.61
2026-01-02,GGO,77.97
2026-01-05,GGO,77.67
2026-01-06,GGO,77.18
2026-01-07,GGO,78.1
2026-01-08,GGO,79.68
2026-01-09,GGO,81.63
2026-01-12,GGO,83.1
2026-01-13,GGO,82.99
2026-01-14,GGO,83.4
2026-01-15,GGO,84.28
2026-01-16,GGO,84.43
2026-01-19,GGO,84.6
2026-01-20,GGO,85.55
2026-01-21,GGO,85.5
2026-01-22,GGO,84.69
2026-01-23,GGO,84.24
2026-01-26,GGO,84.97
2026-01-27,GGO,84.99
2026-01-28,GGO,85.4
2026-01-29,GGO,86.18
2026-01-30,GGO,85.77
2026-02-02,GGO,86.66
2026-02-03,GGO,87.12
2025-10-01,GNE,94.54
2025-10-02,GNE,92.64
2025-10-03,GNE,91.47
2025-10-06,GNE,90.35
2025-10-07,GNE,90.42
2025-10-08,GNE,90.13
2025-10-09,GNE,89.78
2025-10-10,GNE,90.49
2025-10-13,GNE,90.89
2025-10-14,GNE,91.26
2025-10-15,GNE,91.74
2025-10-16,GNE,92.46
2025-10-17,GNE,90.1
2025-10-20,GNE,89.71
2025-10-21,GNE,87.35
2025-10-22,GNE,87.4
2025-10-23,GNE,87.42
2025-10-24,GNE,88.57
2025-10-27,GNE,89.9
2025-10-28,GNE,90.14
2025-10-29,GNE,89.6
2025-10-30,GNE,90.16
2025-10-31,GNE,89.59
2025-11-03,GNE,89.61
2025-11-04,GNE,90.73
2025-11-05,GNE,90.12
2025-11-06,GNE,91.04
2025-11-07,GNE,91.82
2025-11-10,GNE,90.76
2025-11-11,GNE,91.88
2025-11-12,GNE,92.7
2025-11-13,GNE,92.83
2025-11-14,GNE,91.98
2025-11-17,GNE,91.03
2025-11-18,GNE,90.44
2025-11-19,GNE,91.07
2025-11-20,GNE,90.02
2025-11-21,GNE,90.52
2025-11-24,GNE,89.16
2025-11-25,GNE,88.96
2025-11-26,GNE,89.1
2025-11-27,GNE,91.85
2025-11-28,GNE,90.32
2025-12-01,GNE,91.99
2025-12-02,GNE,92.18
2025-12-03,GNE,92.67
2025-12-04,GNE,92.82
2025-12-05,GNE,93.35
2025-12-08,GNE,93.19
2025-12-09,GNE,94.9
2025-12-10,GNE,94.39
2025-12-11,GNE,95.73
2025-12-12,GNE,94.99
2025-12-15,GNE,94.94
2025-12-16,GNE,93.71
2025-12-17,GNE,94.26
2025-12-18,GNE,95.98
2025-12-19,GNE,95.9
2025-12-22,GNE,95.69
2025-12-23,GNE,94.4
2025-12-24,GNE,94.15
2025-12-25,GNE,92.34
2025-12-26,GNE,91.32
2025-12-29,GNE,91.59
2025-12-30,GNE,93.12
2025-12-31,GNE,96.42
2026-01-01,GNE,95.75
2026-01-02,GNE,97.48
2026-01-05,GNE,97.79
2026-01-06,GNE,97.63
2026-01-07,GNE,98.17
2026-01-08,GNE,98.27
2026-01-09,GNE,98.42
2026-01-12,GNE,97.95
2026-01-13,GNE,96.29
2026-01-14,GNE,94.49
2026-01-15,GNE,95.27
2026-01-16,GNE,94.97
2026-01-19,GNE,94.29
2026-01-20,GNE,94.32
2026-01-21,GNE,95.27
2026-01-22,GNE,95.5
2026-01-23,GNE,94.75
2026-01-26,GNE,96.21
2026-01-27,GNE,98.13
2026-01-28,GNE,98.75
2026-01-29,GNE,99.96
2026-01-30,GNE,101.53
2026-02-02,GNE,102.98
2026-02-03,GNE,103.78
2025-10-01,GPX,31.05
2025-10-02,GPX,31.55
2025-10-03,GPX,30.6
2025-10-06,GPX,30.06
2025-10-07,GPX,30.97
2025-10-08,GPX,31.57
2025-10-09,GPX,32.67
2025-10-10,GPX,32.47
2025-10-13,GPX,31.64
2025-10-14,GPX,31.47
2025-10-15,GPX,31.55
2025-10-16,GPX,31.61
2025-10-17,GPX,32.45
2025-10-20,GPX,32.19
2025-10-21,GPX,32.45
2025-10-22,GPX,31.74
2025-10-23,GPX,32.07
2025-10-24,GPX,32.08
2025-10-27,GPX,31.54
2025-10-28,GPX,31.38
2025-10-29,GPX,31.25
2025-10-30,GPX,31.07
2025-10-31,GPX,32.36
2025-11-03,GPX,32.29
2025-11-04,GPX,32.12
2025-11-05,GPX,30.62
2025-11-06,GPX,30.01
2025-11-07,GPX,29.84
2025-11-10,GPX,29.38
2025-11-11,GPX,30.33
2025-11-12,GPX,30.22
2025-11-13,GPX,31.13
2025-11-14,GPX,31.18
2025-11-17,GPX,31.21
2025-11-18,GPX,31.15
2025-11-19,GPX,31.16
2025-11-20,GPX,32.41
2025-11-21,GPX,30.75
2025-11-24,GPX,29.38
2025-11-25,GPX,29.03
2025-11-26,GPX,29.04
2025-11-27,GPX,29.51
2025-11-28,GPX,29.84
2025-12-01,GPX,29.58
2025-12-02,GPX,30.28
2025-12-03,GPX,31.01
2025-12-04,GPX,31.15
2025-12-05,GPX,31.84
2025-12-08,GPX,32.05
2025-12-09,GPX,31.65
2025-12-10,GPX,32.16
2025-12-11,GPX,32.25
2025-12-12,GPX,32.26
2025-12-15,GPX,33.36
2025-12-16,GPX,31.56
2025-12-17,GPX,30.56
2025-12-18,GPX,29.75
2025-12-19,GPX,29.51
2025-12-22,GPX,29.35
2025-12-23,GPX,28.36
2025-12-24,GPX,27.74
2025-12-25,GPX,27.2
2025-12-26,GPX,28.78
2025-12-29,GPX,29.99
2025-12-30,GPX,29.71
2025-12-31,GPX,29.47
2026-01-01,GPX,28.72
2026-01-02,GPX,27.5
2026-01-05,GPX,27.43
2026-01-06,GPX,26.82
2026-01-07,GPX,26.78
2026-01-08,GPX,25.82
2026-01-09,GPX,25.38
2026-01-12,GPX,25.47
2026-01-13,GPX,25.69
2026-01-14,GPX,25.94
2026-01-15,GPX,25.18
2026-01-16,GPX,25.68
2026-01-19,GPX,25.22
2026-01-20,GPX,25.59
2026-01-21,GPX,25.59
2026-01-22,GPX,24.81
2026-01-23,GPX,24.63
2026-01-26,GPX,24.84
2026-01-27,GPX,25.2
2026-01-28,GPX,25.12
2026-01-29,GPX,26.02
2026-01-30,GPX,26.63
2026-02-02,GPX,26.48
2026-02-03,GPX,26.94
2025-10-01,KBJ,67.74
2025-10-02,KBJ,66.46
2025-10-03,KBJ,68.57
2025-10-06,KBJ,67.08
2025-10-07,KBJ,65.27
2025-10-08,KBJ,64.62
2025-10-09,KBJ,65.2
2025-10-10,KBJ,65.08
2025-10-13,KBJ,64.21
2025-10-14,KBJ,63.33
2025-10-15,KBJ,62.4
2025-10-16,KBJ,61.28
2025-10-17,KBJ,64.28
2025-10-20,KBJ,64.7
2025-10-21,KBJ,65.92
2025-10-22,KBJ,65.26
2025-10-23,KBJ,65.02
2025-10-24,KBJ,64.07
2025-10-27,KBJ,60.63
2025-10-28,KBJ,58.93
2025-10-29,KBJ,56.75
2025-10-30,KBJ,54.16
2025-10-31,KBJ,52.83
2025-11-03,KBJ,54.32
2025-11-04,KBJ,54.28
2025-11-05,KBJ,55.78
2025-11-06,KBJ,56.27
2025-11-07,KBJ,57.21
2025-11-10,KBJ,56.15
2025-11-11,KBJ,56.78
2025-11-12,KBJ,57.67
2025-11-13,KBJ,56.99
2025-11-14,KBJ,57.67
2025-11-17,KBJ,58.37
2025-11-18,KBJ,57.71
2025-11-19,KBJ,56.39
2025-11-20,KBJ,55.02
2025-11-21,KBJ,55.13
2025-11-24,KBJ,55.52
2025-11-25,KBJ,54.62
2025-11-26,KBJ,54.66
2025-11-27,KBJ,55.33
2025-11-28,KBJ,56.06
2025-12-01,KBJ,57.91
2025-12-02,KBJ,59.49
2025-12-03,KBJ,58.27
2025-12-04,KBJ,60.37
2025-12-05,KBJ,59.72
2025-12-08,KBJ,61.05
2025-12-09,KBJ,61.14
2025-12-10,KBJ,60.63
2025-12-11,KBJ,58.4
2025-12-12,KBJ,58.2
2025-12-15,KBJ,56.35
2025-12-16,KBJ,57.51
2025-12-17,KBJ,59.37
2025-12-18,KBJ,58.4
2025-12-19,KBJ,58.78
2025-12-22,KBJ,57.91
2025-12-23,KBJ,57.17
2025-12-24,KBJ,58.11
2025-12-25,KBJ,58.08
2025-12-26,KBJ,60.24
2025-12-29,KBJ,59.65
2025-12-30,KBJ,60.92
2025-12-31,KBJ,61.05
2026-01-01,KBJ,62.09
2026-01-02,KBJ,61.52
2026-01-05,KBJ,61.47
2026-01-06,KBJ,61.34
2026-01-07,KBJ,60.29
2026-01-08,KBJ,61.14
2026-01-09,KBJ,61.99
2026-01-12,KBJ,62.77
2026-01-13,KBJ,64.83
2026-01-14,KBJ,66.84
2026-01-15,KBJ,66.33
2026-01-16,KBJ,66.86
2026-01-19,KBJ,66.01
2026-01-20,KBJ,66.06
2026-01-21,KBJ,65.25
2026-01-22,KBJ,67.51
2026-01-23,KBJ,68.03
2026-01-26,KBJ,67.74
2026-01-27,KBJ,69.46
2026-01-28,KBJ,66.4
2026-01-29,KBJ,63.67
2026-01-30,KBJ,64.75
2026-02-02,KBJ,64.85
2026-02-03,KBJ,65.2
2025-10-01,KFZ,101.49
2025-10-02,KFZ,103.83
2025-10-03,KFZ,104.33
2025-10-06,KFZ,103.11
2025-10-07,KFZ,102.02
2025-10-08,KFZ,96.27
2025-10-09,KFZ,96.97
2025-10-10,KFZ,99.26
2025-10-13,KFZ,95.09
2025-10-14,KFZ,93.41
2025-10-15,KFZ,90.52
2025-10-16,KFZ,88.18
2025-10-17,KFZ,88.32
2025-10-20,KFZ,83.45
2025-10-21,KFZ,84.88
2025-10-22,KFZ,86.66
2025-10-23,KFZ,86.09
2025-10-24,KFZ,80.46
2025-10-27,KFZ,78.31
2025-10-28,KFZ,81.01
2025-10-29,KFZ,75.11
2025-10-30,KFZ,74.41
2025-10-31,KFZ,72.06
2025-11-03,KFZ,73.68
2025-11-04,KFZ,72.35
2025-11-05,KFZ,73.17
2025-11-06,KFZ,74.32
2025-11-07,KFZ,78.16
2025-11-10,KFZ,77.74
2025-11-11,KFZ,78.56
2025-11-12,KFZ,75.45
2025-11-13,KFZ,77.96
2025-11-14,KFZ,76.38
2025-11-17,KFZ,75.23
2025-11-18,KFZ,75.2
2025-11-19,KFZ,72.07
2025-11-20,KFZ,72.53
2025-11-21,KFZ,74.49
2025-11-24,KFZ,75.11
2025-11-25,KFZ,71.93
2025-11-26,KFZ,71.7
2025-11-27,KFZ,73.18
2025-11-28,KFZ,69.54
2025-12-01,KFZ,67.54
2025-12-02,KFZ,69.19
2025-12-03,KFZ,69.72
2025-12-04,KFZ,70.52
2025-12-05,KFZ,74.21
2025-12-08,KFZ,75.18
2025-12-09,KFZ,76.56
2025-12-10,KFZ,82.47
2025-12-11,KFZ,82.0
2025-12-12,KFZ,80.25
2025-12-15,KFZ,81.21
2025-12-16,KFZ,82.21
2025-12-17,KFZ,81.05
2025-12-18,KFZ,78.81
2025-12-19,KFZ,83.96
2025-12-22,KFZ,84.73
2025-12-23,KFZ,83.07
2025-12-24,KFZ,85.19
2025-12-25,KFZ,84.95
2025-12-26,KFZ,84.39
2025-12-29,KFZ,85.71
2025-12-30,KFZ,82.75
2025-12-31,KFZ,83.57
2026-01-01,KFZ,88.07
2026-01-02,KFZ,89.22
2026-01-05,KFZ,88.33
2026-01-06,KFZ,87.13
2026-01-07,KFZ,86.17
2026-01-08,KFZ,85.59
2026-01-09,KFZ,84.73
2026-01-12,KFZ,86.9
2026-01-13,KFZ,82.89
2026-01-14,KFZ,84.89
2026-01-15,KFZ,84.03
2026-01-16,KFZ,84.92
2026-01-19,KFZ,82.36
2026-01-20,KFZ,85.42
2026-01-21,KFZ,88.39
2026-01-22,KFZ,90.76
2026-01-23,KFZ,87.1
2026-01-26,KFZ,89.11
2026-01-27,KFZ,90.12
2026-01-28,KFZ,86.27
2026-01-29,KFZ,86.23
2026-01-30,KFZ,87.11
2026-02-02,KFZ,88.46
2026-02-03,KFZ,88.91
2025-10-01,KXL,235.12
2025-10-02,KXL,216.17
2025-10-03,KXL,214.2
2025-10-06,KXL,213.21
2025-10-07,KXL,202.55
2025-10-08,KXL,203.16
2025-10-09,KXL,210.79
2025-10-10,KXL,204.21
2025-10-13,KXL,206.28
2025-10-14,KXL,200.84
2025-10-15,KXL,196.95
2025-10-16,KXL,205.73
2025-10-17,KXL,202.52
2025-10-20,KXL,205.33
2025-10-21,KXL,194.39
2025-10-22,KXL,205.36
2025-10-23,KXL,209.07
2025-10-24,KXL,207.99
2025-10-27,KXL,211.58
2025-10-28,KXL,203.04
2025-10-29,KXL,210.26
2025-10-30,KXL,208.31
2025-10-31,KXL,207.1
2025-11-03,KXL,204.17
2025-11-04,KXL,200.76
2025-11-05,KXL,204.94
2025-11-06,KXL,206.53
2025-11-07,KXL,210.56
2025-11-10,KXL,210.55
2025-11-11,KXL,213.79
2025-11-12,KXL,211.22
2025-11-13,KXL,225.57
2025-11-14,KXL,215.45
2025-11-17,KXL,223.63
2025-11-18,KXL,232.85
2025-11-19,KXL,227.14
2025-11-20,KXL,242.56
2025-11-21,KXL,249.81
2025-11-24,KXL,257.09
2025-11-25,KXL,257.35
2025-11-26,KXL,255.77
2025-11-27,KXL,254.25
2025-11-28,KXL,257.23
2025-12-01,KXL,268.1
2025-12-02,KXL,269.58
2025-12-03,KXL,262.51
2025-12-04,KXL,269.0
2025-12-05,KXL,276.44
2025-12-08,KXL,281.86
2025-12-09,KXL,288.16
2025-12-10,KXL,285.93
2025-12-11,KXL,278.29
2025-12-12,KXL,271.34
2025-12-15,KXL,258.66
2025-12-16,KXL,260.52
2025-12-17,KXL,259.93
2025-12-18,KXL,256.64
2025-12-19,KXL,235.35
2025-12-22,KXL,226.92
2025-12-23,KXL,234.57
2025-12-24,KXL,230.08
2025-12-25,KXL,232.57
2025-12-26,KXL,223.31
2025-12-29,KXL,233.0
2025-12-30,KXL,232.06
2025-12-31,KXL,234.09
2026-01-01,KXL,250.7
2026-01-02,KXL,262.17
2026-01-05,KXL,259.87
2026-01-06,KXL,255.43
2026-01-07,KXL,253.05
2026-01-08,KXL,256.92
2026-01-09,KXL,256.18
2026-01-12,KXL,253.27
2026-01-13,KXL,264.48
2026-01-14,KXL,263.65
2026-01-15,KXL,282.13
2026-01-16,KXL,282.94
2026-01-19,KXL,298.24
2026-01-20,KXL,301.45
2026-01-21,KXL,310.16
2026-01-22,KXL,303.69
2026-01-23,KXL,296.22
2026-01-26,KXL,300.31
2026-01-27,KXL,309.22
2026-01-28,KXL,309.65
2026-01-29,KXL,298.23
2026-01-30,KXL,286.6
2026-02-02,KXL,274.89
2026-02-03,KXL,261.03
2025-10-01,LYW,50.17
2025-10-02,LYW,48.79
2025-10-03,LYW,48.69
2025-10-06,LYW,48.6
2025-10-07,LYW,49.89
2025-10-08,LYW,49.01
2025-10-09,LYW,48.78
2025-10-10,LYW,49.83
2025-10-13,LYW,50.12
2025-10-14,LYW,50.48
2025-10-15,LYW,50.56
2025-10-16,LYW,50.78
2025-10-17,LYW,51.28
2025-10-20,LYW,50.78
2025-10-21,LYW,51.34
2025-10-22,LYW,50.49
2025-10-23,LYW,50.7
2025-10-24,LYW,50.83
2025-10-27,LYW,50.45
2025-10-28,LYW,50.45
2025-10-29,LYW,50.07
2025-10-30,LYW,49.42
2025-10-31,LYW,49.21
2025-11-03,LYW,48.56
2025-11-04,LYW,48.76
2025-11-05,LYW,48.08
2025-11-06,LYW,48.52
2025-11-07,LYW,47.82
2025-11-10,LYW,47.5
2025-11-11,LYW,47.14
2025-11-12,LYW,47.93
2025-11-13,LYW,48.13
2025-11-14,LYW,48.02
2025-11-17,LYW,48.33
2025-11-18,LYW,47.09
2025-11-19,LYW,47.08
2025-11-20,LYW,48.26
2025-11-21,LYW,48.35
2025-11-24,LYW,48.4
2025-11-25,LYW,48.74
2025-11-26,LYW,49.29
2025-11-27,LYW,48.1
2025-11-28,LYW,47.12
2025-12-01,LYW,47.25
2025-12-02,LYW,46.85
2025-12-03,LYW,47.62
2025-12-04,LYW,47.45
2025-12-05,LYW,46.33
2025-12-08,LYW,45.62
2025-12-09,LYW,44.1
2025-12-10,LYW,43.99
2025-12-11,LYW,43.89
2025-12-12,LYW,43.67
2025-12-15,LYW,44.27
2025-12-16,LYW,44.94
2025-12-17,LYW,44.85
2025-12-18,LYW,43.69
2025-12-19,LYW,44.03
2025-12-22,LYW,44.35
2025-12-23,LYW,44.53
2025-12-24,LYW,45.08
2025-12-25,LYW,44.44
2025-12-26,LYW,45.57
2025-12-29,LYW,45.04
2025-12-30,LYW,45.47
2025-12-31,LYW,44.54
2026-01-01,LYW,44.04
2026-01-02,LYW,44.88
2026-01-05,LYW,44.75
2026-01-06,LYW,45.22
2026-01-07,LYW,45.36
2026-01-08,LYW,45.31
2026-01-09,LYW,46.09
2026-01-12,LYW,45.97
2026-01-13,LYW,44.98
2026-01-14,LYW,44.54
2026-01-15,LYW,44.85
2026-01-16,LYW,45.08
2026-01-19,LYW,44.23
2026-01-20,LYW,43.84
2026-01-21,LYW,43.54
2026-01-22,LYW,43.35
2026-01-23,LYW,42.62
2026-01-26,LYW,42.3
2026-01-27,LYW,41.93
2026-01-28,LYW,42.34
2026-01-29,LYW,42.78
2026-01-30,LYW,42.71
2026-02-02,LYW,42.51
2026-02-03,LYW,42.59
2025-10-01,NCB,171.67
2025-10-02,NCB,168.91
2025-10-03,NCB,163.92
2025-10-06,NCB,164.64
2025-10-07,NCB,167.82
2025-10-08,NCB,161.09
2025-10-09,NCB,161.23
2025-10-10,NCB,160.34
2025-10-13,NCB,161.8
2025-10-14,NCB,161.78
2025-10-15,NCB,155.83
2025-10-16,NCB,150.84
2025-10-17,NCB,150.99
2025-10-20,NCB,155.1
2025-10-21,NCB,146.48
2025-10-22,NCB,147.83
2025-10-23,NCB,152.49
2025-10-24,NCB,151.91
2025-10-27,NCB,154.12
2025-10-28,NCB,151.37
2025-10-29,NCB,150.93
2025-10-30,NCB,144.75
2025-10-31,NCB,136.25
2025-11-03,NCB,139.65
2025-11-04,NCB,136.15
2025-11-05,NCB,134.58
2025-11-06,NCB,129.86
2025-11-07,NCB,125.22
2025-11-10,NCB,124.68
2025-11-11,NCB,122.37
2025-11-12,NCB,123.6
2025-11-13,NCB,125.09
2025-11-14,NCB,126.16
2025-11-17,NCB,126.96
2025-11-18,NCB,132.29
2025-11-19,NCB,128.71
2025-11-20,NCB,128.55
2025-11-21,NCB,132.4
2025-11-24,NCB,136.84
2025-11-25,NCB,131.92
2025-11-26,NCB,130.88
2025-11-27,NCB,135.6
2025-11-28,NCB,137.42
2025-12-01,NCB,138.15
2025-12-02,NCB,137.4
2025-12-03,NCB,136.06
2025-12-04,NCB,137.11
2025-12-05,NCB,136.25
2025-12-08,NCB,136.12
2025-12-09,NCB,136.43
2025-12-10,NCB,134.08
2025-12-11,NCB,135.97
2025-12-12,NCB,146.66
2025-12-15,NCB,140.09
2025-12-16,NCB,141.3
2025-12-17,NCB,138.57
2025-12-18,NCB,140.69
2025-12-19,NCB,140.89
2025-12-22,NCB,143.72
2025-12-23,NCB,148.2
2025-12-24,NCB,148.97
2025-12-25,NCB,153.44
2025-12-26,NCB,144.42
2025-12-29,NCB,150.53
2025-12-30,NCB,152.03
2025-12-31,NCB,156.37
2026-01-01,NCB,151.53
2026-01-02,NCB,148.33
2026-01-05,NCB,148.93
2026-01-06,NCB,148.89
2026-01-07,NCB,150.02
2026-01-08,NCB,154.32
2026-01-09,NCB,147.45
2026-01-12,NCB,151.25
2026-01-13,NCB,151.31
2026-01-14,NCB,150.55
2026-01-15,NCB,144.94
2026-01-16,NCB,146.87
2026-01-19,NCB,137.99
2026-01-20,NCB,140.36
2026-01-21,NCB,135.06
2026-01-22,NCB,135.28
2026-01-23,NCB,134.89
2026-01-26,NCB,139.07
2026-01-27,NCB,138.45
2026-01-28,NCB,136.01
2026-01-29,NCB,134.26
2026-01-30,NCB,138.79
2026-02-02,NCB,140.76
2026-02-03,NCB,139.39
2025-10-01,OFP,141.0
2025-10-02,OFP,138.05
2025-10-03,OFP,139.34
2025-10-06,OFP,139.59
2025-10-07,OFP,143.72
2025-10-08,OFP,141.84
2025-10-09,OFP,141.7
2025-10-10,OFP,144.85
2025-10-13,OFP,147.0
2025-10-14,OFP,145.79
2025-10-15,OFP,146.21
2025-10-16,OFP,146.25
2025-10-17,OFP,146.78
2025-10-20,OFP,145.57
2025-10-21,OFP,145.44
2025-10-22,OFP,142.67
2025-10-23,OFP,142.93
2025-10-24,OFP,143.74
2025-10-27,OFP,143.38
2025-10-28,OFP,140.62
2025-10-29,OFP,142.35
2025-10-30,OFP,143.01
2025-10-31,OFP,141.78
2025-11-03,OFP,141.32
2025-11-04,OFP,138.8
2025-11-05,OFP,137.11
2025-11-06,OFP,136.24
2025-11-07,OFP,138.32
2025-11-10,OFP,137.28
2025-11-11,OFP,138.38
2025-11-12,OFP,137.5
2025-11-13,OFP,137.94
2025-11-14,OFP,137.73
2025-11-17,OFP,139.23
2025-11-18,OFP,138.36
2025-11-19,OFP,135.77
2025-11-20,OFP,133.53
2025-11-21,OFP,132.7
2025-11-24,OFP,130.73
2025-11-25,OFP,131.41
2025-11-26,OFP,130.69
2025-11-27,OFP,134.54
2025-11-28,OFP,131.76
2025-12-01,OFP,132.11
2025-12-02,OFP,130.34
2025-12-03,OFP,129.59
2025-12-04,OFP,129.84
2025-12-05,OFP,126.24
2025-12-08,OFP,126.63
2025-12-09,OFP,129.62
2025-12-10,OFP,128.93
2025-12-11,OFP,129.37
2025-12-12,OFP,131.02
2025-12-15,OFP,130.78
2025-12-16,OFP,129.89
2025-12-17,OFP,126.37
2025-12-18,OFP,127.38
2025-12-19,OFP,127.23
2025-12-22,OFP,125.7
2025-12-23,OFP,125.92
2025-12-24,OFP,125.06
2025-12-25,OFP,124.28
2025-12-26,OFP,125.23
2025-12-29,OFP,123.23
2025-12-30,OFP,124.83
2025-12-31,OFP,122.76
2026-01-01,OFP,121.8
2026-01-02,OFP,124.7
2026-01-05,OFP,126.45
2026-01-06,OFP,126.62
2026-01-07,OFP,125.21
2026-01-08,OFP,124.43
2026-01-09,OFP,124.57
2026-01-12,OFP,124.65
2026-01-13,OFP,124.53
2026-01-14,OFP,124.51
2026-01-15,OFP,124.21
2026-01-16,OFP,122.08
2026-01-19,OFP,121.34
2026-01-20,OFP,122.72
2026-01-21,OFP,120.72
2026-01-22,OFP,120.47
2026-01-23,OFP,119.3
2026-01-26,OFP,119.49
2026-01-27,OFP,118.95
2026-01-28,OFP,121.12
2026-01-29,OFP,121.9
2026-01-30,OFP,119.99
2026-02-02,OFP,121.0
2026-02-03,OFP,119.89
2025-10-01,PSB,37.43
2025-10-02,PSB,38.28
2025-10-03,PSB,37.55
2025-10-06,PSB,36.99
2025-10-07,PSB,36.4
2025-10-08,PSB,35.9
2025-10-09,PSB,36.9
2025-10-10,PSB,37.49
2025-10-13,PSB,39.12
2025-10-14,PSB,41.39
2025-10-15,PSB,40.36
2025-10-16,PSB,40.44
2025-10-17,PSB,39.28
2025-10-20,PSB,38.54
2025-10-21,PSB,37.95
2025-10-22,PSB,36.97
2025-10-23,PSB,36.02
2025-10-24,PSB,35.9
2025-10-27,PSB,34.84
2025-10-28,PSB,35.58
2025-10-29,PSB,34.79
2025-10-30,PSB,37.31
2025-10-31,PSB,36.9
2025-11-03,PSB,36.98
2025-11-04,PSB,35.81
2025-11-05,PSB,37.37
2025-11-06,PSB,38.43
2025-11-07,PSB,38.72
2025-11-10,PSB,37.46
2025-11-11,PSB,37.66
2025-11-12,PSB,36.63
2025-11-13,PSB,38.0
2025-11-14,PSB,38.77
2025-11-17,PSB,38.87
2025-11-18,PSB,36.6
2025-11-19,PSB,35.72
2025-11-20,PSB,36.35
2025-11-21,PSB,37.47
2025-11-24,PSB,38.52
2025-11-25,PSB,37.03
2025-11-26,PSB,37.32
2025-11-27,PSB,38.28
2025-11-28,PSB,36.74
2025-12-01,PSB,36.74
2025-12-02,PSB,37.0
2025-12-03,PSB,36.73
2025-12-04,PSB,35.09
2025-12-05,PSB,34.81
2025-12-08,PSB,34.54
2025-12-09,PSB,34.42
2025-12-10,PSB,33.95
2025-12-11,PSB,33.58
2025-12-12,PSB,33.56
2025-12-15,PSB,33.93
2025-12-16,PSB,33.68
2025-12-17,PSB,33.35
2025-12-18,PSB,33.43
2025-12-19,PSB,31.88
2025-12-22,PSB,32.27
2025-12-23,PSB,32.28
2025-12-24,PSB,32.31
2025-12-25,PSB,33.1
2025-12-26,PSB,31.54
2025-12-29,PSB,30.04
2025-12-30,PSB,30.25
2025-12-31,PSB,30.25
2026-01-01,PSB,30.38
2026-01-02,PSB,30.04
2026-01-05,PSB,30.55
2026-01-06,PSB,31.27
2026-01-07,PSB,31.65
2026-01-08,PSB,31.46
2026-01-09,PSB,29.86
2026-01-12,PSB,30.44
2026-01-13,PSB,31.38
2026-01-14,PSB,31.9
2026-01-15,PSB,31.21
2026-01-16,PSB,31.75
2026-01-19,PSB,32.44
2026-01-20,PSB,33.73
2026-01-21,PSB,33.01
2026-01-22,PSB,32.83
2026-01-23,PSB,33.45
2026-01-26,PSB,33.5
2026-01-27,PSB,32.59
2026-01-28,PSB,32.94
2026-01-29,PSB,33.42
2026-01-30,PSB,33.5
2026-02-02,PSB,33.69
2026-02-03,PSB,33.48
2025-10-01,QAH,190.62
2025-10-02,QAH,190.69
2025-10-03,QAH,193.32
2025-10-06,QAH,188.97
2025-10-07,QAH,185.25
2025-10-08,QAH,179.58
2025-10-09,QAH,179.71
2025-10-10,QAH,176.69
2025-10-13,QAH,175.68
2025-10-14,QAH,177.51
2025-10-15,QAH,175.81
2025-10-16,QAH,176.47
2025-10-17,QAH,175.69
2025-10-20,QAH,177.55
2025-10-21,QAH,178.88
2025-10-22,QAH,177.03
2025-10-23,QAH,176.61
2025-10-24,QAH,179.5
2025-10-27,QAH,180.62
2025-10-28,QAH,176.82
2025-10-29,QAH,178.65
2025-10-30,QAH,175.73
2025-10-31,QAH,179.62
2025-11-03,QAH,182.5
2025-11-04,QAH,183.35
2025-11-05,QAH,183.83
2025-11-06,QAH,183.28
2025-11-07,QAH,185.23
2025-11-10,QAH,184.22
2025-11-11,QAH,184.92
2025-11-12,QAH,187.45
2025-11-13,QAH,185.88
2025-11-14,QAH,184.17
2025-11-17,QAH,180.86
2025-11-18,QAH,177.97
2025-11-19,QAH,173.08
2025-11-20,QAH,175.06
2025-11-21,QAH,180.02
2025-11-24,QAH,184.04
2025-11-25,QAH,179.54
2025-11-26,QAH,181.59
2025-11-27,QAH,185.63
2025-11-28,QAH,184.37
2025-12-01,QAH,184.69
2025-12-02,QAH,179.13
2025-12-03,QAH,179.9
2025-12-04,QAH,177.02
2025-12-05,QAH,177.6
2025-12-08,QAH,173.43
2025-12-09,QAH,174.92
2025-12-10,QAH,177.72
2025-12-11,QAH,175.64
2025-12-12,QAH,172.63
2025-12-15,QAH,167.05
2025-12-16,QAH,166.4
2025-12-17,QAH,164.96
2025-12-18,QAH,161.11
2025-12-19,QAH,162.27
2025-12-22,QAH,161.19
2025-12-23,QAH,158.58
2025-12-24,QAH,157.27
2025-12-25,QAH,159.91
2025-12-26,QAH,161.42
2025-12-29,QAH,161.13
2025-12-30,QAH,162.7
2025-12-31,QAH,159.86
2026-01-01,QAH,159.98
2026-01-02,QAH,160.37
2026-01-05,QAH,159.25
2026-01-06,QAH,160.35
2026-01-07,QAH,158.47
2026-01-08,QAH,159.75
2026-01-09,QAH,161.14
2026-01-12,QAH,154.12
2026-01-13,QAH,156.99
2026-01-14,QAH,149.85
2026-01-15,QAH,148.47
2026-01-16,QAH,150.85
2026-01-19,QAH,150.15
2026-01-20,QAH,146.84
2026-01-21,QAH,144.43
2026-01-22,QAH,146.75
2026-01-23,QAH,142.52
2026-01-26,QAH,145.04
2026-01-27,QAH,144.94
2026-01-28,QAH,142.34
2026-01-29,QAH,141.1
2026-01-30,QAH,138.95
2026-02-02,QAH,140.83
2026-02-03,QAH,142.45
2025-10-01,QCL,69.42
2025-10-02,QCL,71.09
2025-10-03,QCL,69.37
2025-10-06,QCL,71.44
2025-10-07,QCL,71.42
2025-10-08,QCL,69.93
2025-10-09,QCL,69.09
2025-10-10,QCL,68.1
2025-10-13,QCL,66.56
2025-10-14,QCL,66.68
2025-10-15,QCL,65.22
2025-10-16,QCL,62.7
2025-10-17,QCL,62.28
2025-10-20,QCL,60.28
2025-10-21,QCL,59.47
2025-10-22,QCL,58.51
2025-10-23,QCL,57.6
2025-10-24,QCL,59.75
2025-10-27,QCL,59.82
2025-10-28,QCL,60.1
2025-10-29,QCL,58.2
2025-10-30,QCL,57.52
2025-10-31,QCL,57.76
2025-11-03,QCL,56.7
2025-11-04,QCL,57.66
2025-11-05,QCL,56.42
2025-11-06,QCL,56.14
2025-11-07,QCL,55.55
2025-11-10,QCL,55.73
2025-11-11,QCL,55.1
2025-11-12,QCL,54.84
2025-11-13,QCL,54.61
2025-11-14,QCL,53.9
2025-11-17,QCL,54.39
2025-11-18,QCL,54.63
2025-11-19,QCL,54.56
2025-11-20,QCL,54.14
2025-11-21,QCL,54.94
2025-11-24,QCL,54.72
2025-11-25,QCL,54.43
2025-11-26,QCL,54.54
2025-11-27,QCL,56.26
2025-11-28,QCL,54.92
2025-12-01,QCL,55.7
2025-12-02,QCL,53.83
2025-12-03,QCL,54.05
2025-12-04,QCL,55.63
2025-12-05,QCL,56.14
2025-12-08,QCL,56.33
2025-12-09,QCL,55.77
2025-12-10,QCL,55.81
2025-12-11,QCL,55.57
2025-12-12,QCL,54.79
2025-12-15,QCL,54.51
2025-12-16,QCL,54.72
2025-12-17,QCL,53.97
2025-12-18,QCL,53.19
2025-12-19,QCL,51.9
2025-12-22,QCL,52.28
2025-12-23,QCL,52.82
2025-12-24,QCL,53.05
2025-12-25,QCL,54.0
2025-12-26,QCL,54.1
2025-12-29,QCL,54.5
2025-12-30,QCL,54.81
2025-12-31,QCL,54.73
2026-01-01,QCL,54.22
2026-01-02,QCL,56.46
2026-01-05,QCL,56.01
2026-01-06,QCL,55.34
2026-01-07,QCL,55.79
2026-01-08,QCL,56.06
2026-01-09,QCL,54.65
2026-01-12,QCL,55.79
2026-01-13,QCL,55.71
2026-01-14,QCL,54.61
2026-01-15,QCL,55.81
2026-01-16,QCL,56.46
2026-01-19,QCL,55.19
2026-01-20,QCL,57.01
2026-01-21,QCL,57.71
2026-01-22,QCL,57.71
2026-01-23,QCL,59.42
2026-01-26,QCL,59.61
2026-01-27,QCL,59.59
2026-01-28,QCL,58.89
2026-01-29,QCL,59.53
2026-01-30,QCL,60.06
2026-02-02,QCL,60.09
2026-02-03,QCL,59.24
2025-10-01,QJJ,77.55
2025-10-02,QJJ,75.41
2025-10-03,QJJ,76.25
2025-10-06,QJJ,72.56
2025-10-07,QJJ,72.86
2025-10-08,QJJ,72.22
2025-10-09,QJJ,74.06
2025-10-10,QJJ,73.38
2025-10-13,QJJ,74.32
2025-10-14,QJJ,73.78
2025-10-15,QJJ,73.95
2025-10-16,QJJ,75.02
2025-10-17,QJJ,74.37
2025-10-20,QJJ,75.81
2025-10-21,QJJ,74.4
2025-10-22,QJJ,74.84
2025-10-23,QJJ,76.18
2025-10-24,QJJ,77.17
2025-10-27,QJJ,80.06
2025-10-28,QJJ,78.92
2025-10-29,QJJ,76.88
2025-10-30,QJJ,75.45
2025-10-31,QJJ,76.42
2025-11-03,QJJ,77.17
2025-11-04,QJJ,77.33
2025-11-05,QJJ,75.71
2025-11-06,QJJ,76.84
2025-11-07,QJJ,75.08
2025-11-10,QJJ,76.78
2025-11-11,QJJ,81.1
2025-11-12,QJJ,81.68
2025-11-13,QJJ,82.62
2025-11-14,QJJ,81.86
2025-11-17,QJJ,79.09
2025-11-18,QJJ,78.2
2025-11-19,QJJ,76.6
2025-11-20,QJJ,74.53
2025-11-21,QJJ,77.04
2025-11-24,QJJ,77.45
2025-11-25,QJJ,78.03
2025-11-26,QJJ,77.59
2025-11-27,QJJ,77.35
2025-11-28,QJJ,78.8
2025-12-01,QJJ,78.77
2025-12-02,QJJ,79.59
2025-12-03,QJJ,79.31
2025-12-04,QJJ,78.81
2025-12-05,QJJ,76.73
2025-12-08,QJJ,73.9
2025-12-09,QJJ,73.55
2025-12-10,QJJ,73.64
2025-12-11,QJJ,71.87
2025-12-12,QJJ,71.84
2025-12-15,QJJ,71.93
2025-12-16,QJJ,69.04
2025-12-17,QJJ,67.86
2025-12-18,QJJ,68.4
2025-12-19,QJJ,68.92
2025-12-22,QJJ,67.43
2025-12-23,QJJ,67.65
2025-12-24,QJJ,69.0
2025-12-25,QJJ,70.04
2025-12-26,QJJ,69.93
2025-12-29,QJJ,69.32
2025-12-30,QJJ,68.51
2025-12-31,QJJ,69.14
2026-01-01,QJJ,69.41
2026-01-02,QJJ,70.26
2026-01-05,QJJ,70.45
2026-01-06,QJJ,71.58
2026-01-07,QJJ,71.72
2026-01-08,QJJ,72.82
2026-01-09,QJJ,74.05
2026-01-12,QJJ,72.94
2026-01-13,QJJ,70.48
2026-01-14,QJJ,72.6
2026-01-15,QJJ,72.97
2026-01-16,QJJ,70.64
2026-01-19,QJJ,69.69
2026-01-20,QJJ,70.74
2026-01-21,QJJ,70.38
2026-01-22,QJJ,69.71
2026-01-23,QJJ,71.61
2026-01-26,QJJ,70.21
2026-01-27,QJJ,69.16
2026-01-28,QJJ,69.45
2026-01-29,QJJ,69.99
2026-01-30,QJJ,70.67
2026-02-02,QJJ,71.92
2026-02-03,QJJ,72.21
2025-10-01,QPD,110.47
2025-10-02,QPD,110.7
2025-10-03,QPD,111.14
2025-10-06,QPD,112.66
2025-10-07,QPD,113.77
2025-10-08,QPD,113.88
2025-10-09,QPD,112.32
2025-10-10,QPD,112.47
2025-10-13,QPD,112.44
2025-10-14,QPD,112.84
2025-10-15,QPD,117.27
2025-10-16,QPD,116.23
2025-10-17,QPD,117.11
2025-10-20,QPD,119.32
2025-10-21,QPD,119.55
2025-10-22,QPD,124.52
2025-10-23,QPD,123.73
2025-10-24,QPD,124.46
2025-10-27,QPD,122.77
2025-10-28,QPD,122.05
2025-10-29,QPD,122.6
2025-10-30,QPD,124.44
2025-10-31,QPD,125.15
2025-11-03,QPD,127.94
2025-11-04,QPD,127.76
2025-11-05,QPD,127.05
2025-11-06,QPD,133.18
2025-11-07,QPD,134.12
2025-11-10,QPD,132.48
2025-11-11,QPD,130.92
2025-11-12,QPD,128.82
2025-11-13,QPD,130.96
2025-11-14,QPD,130.16
2025-11-17,QPD,130.48
2025-11-18,QPD,130.36
2025-11-19,QPD,132.05
2025-11-20,QPD,130.15
2025-11-21,QPD,127.77
2025-11-24,QPD,128.29
2025-11-25,QPD,129.66
2025-11-26,QPD,130.44
2025-11-27,QPD,128.65
2025-11-28,QPD,130.19
2025-12-01,QPD,128.55
2025-12-02,QPD,127.42
2025-12-03,QPD,125.37
2025-12-04,QPD,128.26
2025-12-05,QPD,129.7
2025-12-08,QPD,131.1
2025-12-09,QPD,133.99
2025-12-10,QPD,140.72
2025-12-11,QPD,136.64
2025-12-12,QPD,134.93
2025-12-15,QPD,133.52
2025-12-16,QPD,131.59
2025-12-17,QPD,129.18
2025-12-18,QPD,128.53
2025-12-19,QPD,125.87
2025-12-22,QPD,126.63
2025-12-23,QPD,126.77
2025-12-24,QPD,127.86
2025-12-25,QPD,129.02
2025-12-26,QPD,130.4
2025-12-29,QPD,129.58
2025-12-30,QPD,134.47
2025-12-31,QPD,135.04
2026-01-01,QPD,130.77
2026-01-02,QPD,128.54
2026-01-05,QPD,124.75
2026-01-06,QPD,124.81
2026-01-07,QPD,124.57
2026-01-08,QPD,123.59
2026-01-09,QPD,128.0
2026-01-12,QPD,129.25
2026-01-13,QPD,130.92
2026-01-14,QPD,128.84
2026-01-15,QPD,126.65
2026-01-16,QPD,126.76
2026-01-19,QPD,127.17
2026-01-20,QPD,123.16
2026-01-21,QPD,122.8
2026-01-22,QPD,122.86
2026-01-23,QPD,122.42
2026-01-26,QPD,120.73
2026-01-27,QPD,119.63
2026-01-28,QPD,119.29
2026-01-29,QPD,119.5
2026-01-30,QPD,120.78
2026-02-02,QPD,123.09
2026-02-03,QPD,122.49
2025-10-01,QPE,232.89
2025-10-02,QPE,230.38
2025-10-03,QPE,235.11
2025-10-06,QPE,241.09
2025-10-07,QPE,249.21
2025-10-08,QPE,260.8
2025-10-09,QPE,255.16
2025-10-10,QPE,255.3
2025-10-13,QPE,255.43
2025-10-14,QPE,254.84
2025-10-15,QPE,250.71
2025-10-16,QPE,241.46
2025-10-17,QPE,242.07
2025-10-20,QPE,237.43
2025-10-21,QPE,238.0
2025-10-22,QPE,233.28
2025-10-23,QPE,226.89
2025-10-24,QPE,228.29
2025-10-27,QPE,229.22
2025-10-28,QPE,232.67
2025-10-29,QPE,246.03
2025-10-30,QPE,247.83
2025-10-31,QPE,250.96
2025-11-03,QPE,244.21
2025-11-04,QPE,236.39
2025-11-05,QPE,246.16
2025-11-06,QPE,240.49
2025-11-07,QPE,234.23
2025-11-10,QPE,234.04
2025-11-11,QPE,233.55
2025-11-12,QPE,228.29
2025-11-13,QPE,226.57
2025-11-14,QPE,233.82
2025-11-17,QPE,229.12
2025-11-18,QPE,221.17
2025-11-19,QPE,226.59
2025-11-20,QPE,229.49
2025-11-21,QPE,225.94
2025-11-24,QPE,217.06
2025-11-25,QPE,213.03
2025-11-26,QPE,212.78
2025-11-27,QPE,219.23
2025-11-28,QPE,213.56
2025-12-01,QPE,213.15
2025-12-02,QPE,216.89
2025-12-03,QPE,204.17
2025-12-04,QPE,209.65
2025-12-05,QPE,203.48
2025-12-08,QPE,205.25
2025-12-09,QPE,206.58
2025-12-10,QPE,212.41
2025-12-11,QPE,215.45
2025-12-12,QPE,202.84
2025-12-15,QPE,198.86
2025-12-16,QPE,199.6
2025-12-17,QPE,198.66
2025-12-18,QPE,201.13
2025-12-19,QPE,205.25
2025-12-22,QPE,208.5
2025-12-23,QPE,207.4
2025-12-24,QPE,197.92
2025-12-25,QPE,195.68
2025-12-26,QPE,197.8
2025-12-29,QPE,192.42
2025-12-30,QPE,195.58
2025-12-31,QPE,200.2
2026-01-01,QPE,200.89
2026-01-02,QPE,185.85
2026-01-05,QPE,179.93
2026-01-06,QPE,188.82
2026-01-07,QPE,186.25
2026-01-08,QPE,177.11
2026-01-09,QPE,182.81
2026-01-12,QPE,182.9
2026-01-13,QPE,188.16
2026-01-14,QPE,189.53
2026-01-15,QPE,191.79
2026-01-16,QPE,193.61
2026-01-19,QPE,197.12
2026-01-20,QPE,208.93
2026-01-21,QPE,214.21
2026-01-22,QPE,205.8
2026-01-23,QPE,208.19
2026-01-26,QPE,214.38
2026-01-27,QPE,221.09
2026-01-28,QPE,218.74
2026-01-29,QPE,225.37
2026-01-30,QPE,230.81
2026-02-02,QPE,246.48
2026-02-03,QPE,241.86
2025-10-01,RNG,40.29
2025-10-02,RNG,40.0
2025-10-03,RNG,39.07
2025-10-06,RNG,38.94
2025-10-07,RNG,39.07
2025-10-08,RNG,38.91
2025-10-09,RNG,39.57
2025-10-10,RNG,39.58
2025-10-13,RNG,40.02
2025-10-14,RNG,40.12
2025-10-15,RNG,40.41
2025-10-16,RNG,40.52
2025-10-17,RNG,41.0
2025-10-20,RNG,41.03
2025-10-21,RNG,41.21
2025-10-22,RNG,41.35
2025-10-23,RNG,41.26
2025-10-24,RNG,41.41
2025-10-27,RNG,42.21
2025-10-28,RNG,42.12
2025-10-29,RNG,42.28
2025-10-30,RNG,42.75
2025-10-31,RNG,43.17
2025-11-03,RNG,43.18
2025-11-04,RNG,42.32
2025-11-05,RNG,42.52
2025-11-06,RNG,41.73
2025-11-07,RNG,42.27
2025-11-10,RNG,42.34
2025-11-11,RNG,42.71
2025-11-12,RNG,42.39
2025-11-13,RNG,41.84
2025-11-14,RNG,41.94
2025-11-17,RNG,41.94
2025-11-18,RNG,41.77
2025-11-19,RNG,41.81
2025-11-20,RNG,42.82
2025-11-21,RNG,43.13
2025-11-24,RNG,43.53
2025-11-25,RNG,43.85
2025-11-26,RNG,44.41
2025-11-27,RNG,44.35
2025-11-28,RNG,43.59
2025-12-01,RNG,43.53
2025-12-02,RNG,43.84
2025-12-03,RNG,43.49
2025-12-04,RNG,43.43
2025-12-05,RNG,43.18
2025-12-08,RNG,43.75
2025-12-09,RNG,44.04
2025-12-10,RNG,44.29
2025-12-11,RNG,44.54
2025-12-12,RNG,44.53
2025-12-15,RNG,44.61
2025-12-16,RNG,44.18
2025-12-17,RNG,43.37
2025-12-18,RNG,43.43
2025-12-19,RNG,43.56
2025-12-22,RNG,44.02
2025-12-23,RNG,44.62
2025-12-24,RNG,45.23
2025-12-25,RNG,44.86
2025-12-26,RNG,44.73
2025-12-29,RNG,44.93
2025-12-30,RNG,45.92
2025-12-31,RNG,46.51
2026-01-01,RNG,46.96
2026-01-02,RNG,46.82
2026-01-05,RNG,46.48
2026-01-06,RNG,46.8
2026-01-07,RNG,46.37
2026-01-08,RNG,46.29
2026-01-09,RNG,46.25
2026-01-12,RNG,46.89
2026-01-13,RNG,46.76
2026-01-14,RNG,45.81
2026-01-15,RNG,46.01
2026-01-16,RNG,45.75
2026-01-19,RNG,45.78
2026-01-20,RNG,45.75
2026-01-21,RNG,45.65
2026-01-22,RNG,45.97
2026-01-23,RNG,45.38
2026-01-26,RNG,45.19
2026-01-27,RNG,45.47
2026-01-28,RNG,45.24
2026-01-29,RNG,44.63
2026-01-30,RNG,44.89
2026-02-02,RNG,45.34
2026-02-03,RNG,45.33
2025-10-01,RVU,244.78
2025-10-02,RVU,245.71
2025-10-03,RVU,243.25
2025-10-06,RVU,240.07
2025-10-07,RVU,238.9
2025-10-08,RVU,238.44
2025-10-09,RVU,236.73
2025-10-10,RVU,238.38
2025-10-13,RVU,237.21
2025-10-14,RVU,239.95
2025-10-15,RVU,240.78
2025-10-16,RVU,238.9
2025-10-17,RVU,236.57
2025-10-20,RVU,232.17
2025-10-21,RVU,233.0
2025-10-22,RVU,232.09
2025-10-23,RVU,225.88
2025-10-24,RVU,224.53
2025-10-27,RVU,222.25
2025-10-28,RVU,226.37
2025-10-29,RVU,222.02
2025-10-30,RVU,218.4
2025-10-31,RVU,221.26
2025-11-03,RVU,224.79
2025-11-04,RVU,222.91
2025-11-05,RVU,221.34
2025-11-06,RVU,222.96
2025-11-07,RVU,217.1
2025-11-10,RVU,212.54
2025-11-11,RVU,211.89
2025-11-12,RVU,215.76
2025-11-13,RVU,214.72
2025-11-14,RVU,215.01
2025-11-17,RVU,217.88
2025-11-18,RVU,223.29
2025-11-19,RVU,221.85
2025-11-20,RVU,221.85
2025-11-21,RVU,226.61
2025-11-24,RVU,222.71
2025-11-25,RVU,225.41
2025-11-26,RVU,222.82
2025-11-27,RVU,223.13
2025-11-28,RVU,222.55
2025-12-01,RVU,220.15
2025-12-02,RVU,217.71
2025-12-03,RVU,218.45
2025-12-04,RVU,221.02
2025-12-05,RVU,220.73
2025-12-08,RVU,220.95
2025-12-09,RVU,222.46
2025-12-10,RVU,220.02
2025-12-11,RVU,221.95
2025-12-12,RVU,224.1
2025-12-15,RVU,230.98
2025-12-16,RVU,230.03
2025-12-17,RVU,228.86
2025-12-18,RVU,230.94
2025-12-19,RVU,233.18
2025-12-22,RVU,231.79
2025-12-23,RVU,230.77
2025-12-24,RVU,232.26
2025-12-25,RVU,230.1
2025-12-26,RVU,229.06
2025-12-29,RVU,229.34
2025-12-30,RVU,232.03
2025-12-31,RVU,230.47
2026-01-01,RVU,225.67
2026-01-02,RVU,220.78
2026-01-05,RVU,217.64
2026-01-06,RVU,214.42
2026-01-07,RVU,214.08
2026-01-08,RVU,211.2
2026-01-09,RVU,209.54
2026-01-12,RVU,207.72
2026-01-13,RVU,206.71
2026-01-14,RVU,209.93
2026-01-15,RVU,211.58
2026-01-16,RVU,211.66
2026-01-19,RVU,210.58
2026-01-20,RVU,209.57
2026-01-21,RVU,210.41
2026-01-22,RVU,211.87
2026-01-23,RVU,209.71
2026-01-26,RVU,209.84
2026-01-27,RVU,205.02
2026-01-28,RVU,205.57
2026-01-29,RVU,207.42
2026-01-30,RVU,206.79
2026-02-02,RVU,211.21
2026-02-03,RVU,209.12
2025-10-01,SEJ,199.45
2025-10-02,SEJ,199.12
2025-10-03,SEJ,199.51
2025-10-06,SEJ,202.32
2025-10-07,SEJ,206.96
2025-10-08,SEJ,206.99
2025-10-09,SEJ,209.81
2025-10-10,SEJ,207.46
2025-10-13,SEJ,210.11
2025-10-14,SEJ,207.56
2025-10-15,SEJ,211.32
2025-10-16,SEJ,219.12
2025-10-17,SEJ,218.73
2025-10-20,SEJ,211.09
2025-10-21,SEJ,209.26
2025-10-22,SEJ,213.54
2025-10-23,SEJ,215.52
2025-10-24,SEJ,216.44
2025-10-27,SEJ,220.07
2025-10-28,SEJ,221.86
2025-10-29,SEJ,226.35
2025-10-30,SEJ,229.82
2025-10-31,SEJ,235.64
2025-11-03,SEJ,237.07
2025-11-04,SEJ,240.64
2025-11-05,SEJ,239.48
2025-11-06,SEJ,237.19
2025-11-07,SEJ,243.94
2025-11-10,SEJ,244.85
2025-11-11,SEJ,248.13
2025-11-12,SEJ,248.68
2025-11-13,SEJ,246.36
2025-11-14,SEJ,246.46
2025-11-17,SEJ,252.34
2025-11-18,SEJ,254.69
2025-11-19,SEJ,247.73
2025-11-20,SEJ,246.91
2025-11-21,SEJ,254.24
2025-11-24,SEJ,253.41
2025-11-25,SEJ,246.13
2025-11-26,SEJ,253.89
2025-11-27,SEJ,256.78
2025-11-28,SEJ,256.54
2025-12-01,SEJ,255.04
2025-12-02,SEJ,259.64
2025-12-03,SEJ,257.4
2025-12-04,SEJ,262.32
2025-12-05,SEJ,264.7
2025-12-08,SEJ,265.81
2025-12-09,SEJ,266.5
2025-12-10,SEJ,265.79
2025-12-11,SEJ,270.41
2025-12-12,SEJ,266.68
2025-12-15,SEJ,259.77
2025-12-16,SEJ,262.44
2025-12-17,SEJ,265.21
2025-12-18,SEJ,267.35
2025-12-19,SEJ,269.18
2025-12-22,SEJ,267.83
2025-12-23,SEJ,271.35
2025-12-24,SEJ,271.2
2025-12-25,SEJ,269.11
2025-12-26,SEJ,267.8
2025-12-29,SEJ,276.82
2025-12-30,SEJ,269.16
2025-12-31,SEJ,271.41
2026-01-01,SEJ,264.14
2026-01-02,SEJ,263.72
2026-01-05,SEJ,261.92
2026-01-06,SEJ,253.22
2026-01-07,SEJ,254.88
2026-01-08,SEJ,253.36
2026-01-09,SEJ,244.88
2026-01-12,SEJ,248.31
2026-01-13,SEJ,254.23
2026-01-14,SEJ,260.54
2026-01-15,SEJ,262.12
2026-01-16,SEJ,262.37
2026-01-19,SEJ,268.16
2026-01-20,SEJ,275.67
2026-01-21,SEJ,280.87
2026-01-22,SEJ,276.65
2026-01-23,SEJ,277.61
2026-01-26,SEJ,279.67
2026-01-27,SEJ,271.59
2026-01-28,SEJ,273.73
2026-01-29,SEJ,284.12
2026-01-30,SEJ,287.16
2026-02-02,SEJ,294.2
2026-02-03,SEJ,295.13
2025-10-01,SIE,162.37
2025-10-02,SIE,159.38
2025-10-03,SIE,163.39
2025-10-06,SIE,167.85
2025-10-07,SIE,164.68
2025-10-08,SIE,167.84
2025-10-09,SIE,167.59
2025-10-10,SIE,168.74
2025-10-13,SIE,170.29
2025-10-14,SIE,173.65
2025-10-15,SIE,173.97
2025-10-16,SIE,178.84
2025-10-17,SIE,179.96
2025-10-20,SIE,182.19
2025-10-21,SIE,179.3
2025-10-22,SIE,187.03
2025-10-23,SIE,188.79
2025-10-24,SIE,191.46
2025-10-27,SIE,185.6
2025-10-28,SIE,182.69
2025-10-29,SIE,187.18
2025-10-30,SIE,188.27
2025-10-31,SIE,181.42
2025-11-03,SIE,185.16
2025-11-04,SIE,183.25
2025-11-05,SIE,188.39
2025-11-06,SIE,188.1
2025-11-07,SIE,188.89
2025-11-10,SIE,193.31
2025-11-11,SIE,190.0
2025-11-12,SIE,186.41
2025-11-13,SIE,185.73
2025-11-14,SIE,188.78
2025-11-17,SIE,183.99
2025-11-18,SIE,178.15
2025-11-19,SIE,181.07
2025-11-20,SIE,178.99
2025-11-21,SIE,177.66
2025-11-24,SIE,171.39
2025-11-25,SIE,169.18
2025-11-26,SIE,169.19
2025-11-27,SIE,172.31
2025-11-28,SIE,169.78
2025-12-01,SIE,175.38
2025-12-02,SIE,173.09
2025-12-03,SIE,170.84
2025-12-04,SIE,176.07
2025-12-05,SIE,176.83
2025-12-08,SIE,174.97
2025-12-09,SIE,174.48
2025-12-10,SIE,179.17
2025-12-11,SIE,184.39
2025-12-12,SIE,181.52
2025-12-15,SIE,181.41
2025-12-16,SIE,181.76
2025-12-17,SIE,178.34
2025-12-18,SIE,178.19
2025-12-19,SIE,178.24
2025-12-22,SIE,182.28
2025-12-23,SIE,186.65
2025-12-24,SIE,185.49
2025-12-25,SIE,184.76
2025-12-26,SIE,187.2
2025-12-29,SIE,185.12
2025-12-30,SIE,187.29
2025-12-31,SIE,187.01
2026-01-01,SIE,183.55
2026-01-02,SIE,180.2
2026-01-05,SIE,185.38
2026-01-06,SIE,184.85
2026-01-07,SIE,190.89
2026-01-08,SIE,189.03
2026-01-09,SIE,190.14
2026-01-12,SIE,199.24
2026-01-13,SIE,195.22
2026-01-14,SIE,188.18
2026-01-15,SIE,192.99
2026-01-16,SIE,189.95
2026-01-19,SIE,189.91
2026-01-20,SIE,187.8
2026-01-21,SIE,188.82
2026-01-22,SIE,185.39
2026-01-23,SIE,184.78
2026-01-26,SIE,186.44
2026-01-27,SIE,182.86
2026-01-28,SIE,180.42
2026-01-29,SIE,179.24
2026-01-30,SIE,174.36
2026-02-02,SIE,172.97
2026-02-03,SIE,173.4
2025-10-01,USN,110.46
2025-10-02,USN,108.49
2025-10-03,USN,110.61
2025-10-06,USN,115.11
2025-10-07,USN,113.67
2025-10-08,USN,115.22
2025-10-09,USN,114.49
2025-10-10,USN,115.67
2025-10-13,USN,120.81
2025-10-14,USN,122.55
2025-10-15,USN,116.71
2025-10-16,USN,118.21
2025-10-17,USN,122.33
2025-10-20,USN,121.6
2025-10-21,USN,125.02
2025-10-22,USN,122.69
2025-10-23,USN,117.77
2025-10-24,USN,118.26
2025-10-27,USN,112.67
2025-10-28,USN,111.95
2025-10-29,USN,116.03
2025-10-30,USN,110.09
2025-10-31,USN,106.28
2025-11-03,USN,103.31
2025-11-04,USN,103.15
2025-11-05,USN,102.13
2025-11-06,USN,106.18
2025-11-07,USN,109.04
2025-11-10,USN,110.57
2025-11-11,USN,111.04
2025-11-12,USN,112.27
2025-11-13,USN,109.65
2025-11-14,USN,112.3
2025-11-17,USN,108.93
2025-11-18,USN,111.49
2025-11-19,USN,115.23
2025-11-20,USN,115.93
2025-11-21,USN,115.39
2025-11-24,USN,116.7
2025-11-25,USN,107.84
2025-11-26,USN,108.77
2025-11-27,USN,108.45
2025-11-28,USN,108.32
2025-12-01,USN,110.48
2025-12-02,USN,110.27
2025-12-03,USN,106.87
2025-12-04,USN,106.48
2025-12-05,USN,106.7
2025-12-08,USN,107.06
2025-12-09,USN,107.56
2025-12-10,USN,110.72
2025-12-11,USN,107.46
2025-12-12,USN,108.01
2025-12-15,USN,111.95
2025-12-16,USN,106.73
2025-12-17,USN,107.29
2025-12-18,USN,105.58
2025-12-19,USN,104.53
2025-12-22,USN,101.97
2025-12-23,USN,101.51
2025-12-24,USN,106.83
2025-12-25,USN,103.18
2025-12-26,USN,99.92
2025-12-29,USN,96.41
2025-12-30,USN,101.14
2025-12-31,USN,99.88
2026-01-01,USN,99.83
2026-01-02,USN,98.74
2026-01-05,USN,96.22
2026-01-06,USN,95.61
2026-01-07,USN,102.36
2026-01-08,USN,106.39
2026-01-09,USN,103.93
2026-01-12,USN,105.83
2026-01-13,USN,103.45
2026-01-14,USN,98.51
2026-01-15,USN,101.35
2026-01-16,USN,104.67
2026-01-19,USN,107.76
2026-01-20,USN,106.39
2026-01-21,USN,105.93
2026-01-22,USN,108.17
2026-01-23,USN,109.37
2026-01-26,USN,108.2
2026-01-27,USN,103.49
2026-01-28,USN,103.83
2026-01-29,USN,107.0
2026-01-30,USN,103.54
2026-02-02,USN,105.4
2026-02-03,USN,106.39
2025-10-01,VAU,175.12
2025-10-02,VAU,172.57
2025-10-03,VAU,171.76
2025-10-06,VAU,173.2
2025-10-07,VAU,172.38
2025-10-08,VAU,171.32
2025-10-09,VAU,168.51
2025-10-10,VAU,171.28
2025-10-13,VAU,172.62
2025-10-14,VAU,173.88
2025-10-15,VAU,175.46
2025-10-16,VAU,176.43
2025-10-17,VAU,176.07
2025-10-20,VAU,175.84
2025-10-21,VAU,175.19
2025-10-22,VAU,179.52
2025-10-23,VAU,180.47
2025-10-24,VAU,179.74
2025-10-27,VAU,180.55
2025-10-28,VAU,178.91
2025-10-29,VAU,181.44
2025-10-30,VAU,180.38
2025-10-31,VAU,181.25
2025-11-03,VAU,183.07
2025-11-04,VAU,183.75
2025-11-05,VAU,183.95
2025-11-06,VAU,184.0
2025-11-07,VAU,183.94
2025-11-10,VAU,183.01
2025-11-11,VAU,182.29
2025-11-12,VAU,184.82
2025-11-13,VAU,184.68
2025-11-14,VAU,183.38
2025-11-17,VAU,182.55
2025-11-18,VAU,184.44
2025-11-19,VAU,185.63
2025-11-20,VAU,186.63
2025-11-21,VAU,186.22
2025-11-24,VAU,187.24
2025-11-25,VAU,186.18
2025-11-26,VAU,185.77
2025-11-27,VAU,187.47
2025-11-28,VAU,189.02
2025-12-01,VAU,187.36
2025-12-02,VAU,185.93
2025-12-03,VAU,186.15
2025-12-04,VAU,189.17
2025-12-05,VAU,185.9
2025-12-08,VAU,186.42
2025-12-09,VAU,184.11
2025-12-10,VAU,183.08
2025-12-11,VAU,182.5
2025-12-12,VAU,181.83
2025-12-15,VAU,180.98
2025-12-16,VAU,181.03
2025-12-17,VAU,180.18
2025-12-18,VAU,177.81
2025-12-19,VAU,179.12
2025-12-22,VAU,180.4
2025-12-23,VAU,181.84
2025-12-24,VAU,179.32
2025-12-25,VAU,179.85
2025-12-26,VAU,181.01
2025-12-29,VAU,179.34
2025-12-30,VAU,179.39
2025-12-31,VAU,179.23
2026-01-01,VAU,182.33
2026-01-02,VAU,185.62
2026-01-05,VAU,182.84
2026-01-06,VAU,187.11
2026-01-07,VAU,185.58
2026-01-08,VAU,187.3
2026-01-09,VAU,189.02
2026-01-12,VAU,187.33
2026-01-13,VAU,188.22
2026-01-14,VAU,188.07
2026-01-15,VAU,189.07
2026-01-16,VAU,189.51
2026-01-19,VAU,191.64
2026-01-20,VAU,191.81
2026-01-21,VAU,191.56
2026-01-22,VAU,193.53
2026-01-23,VAU,194.61
2026-01-26,VAU,195.96
2026-01-27,VAU,194.81
2026-01-28,VAU,192.98
2026-01-29,VAU,192.02
2026-01-30,VAU,190.96
2026-02-02,VAU,192.39
2026-02-03,VAU,194.16
2025-10-01,VQW,56.69
2025-10-02,VQW,56.88
2025-10-03,VQW,56.27
2025-10-06,VQW,57.48
2025-10-07,VQW,57.45
2025-10-08,VQW,57.55
2025-10-09,VQW,57.3
2025-10-10,VQW,56.64
2025-10-13,VQW,55.55
2025-10-14,VQW,56.03
2025-10-15,VQW,55.46
2025-10-16,VQW,57.79
2025-10-17,VQW,56.96
2025-10-20,VQW,56.03
2025-10-21,VQW,56.42
2025-10-22,VQW,57.6
2025-10-23,VQW,57.66
2025-10-24,VQW,58.11
2025-10-27,VQW,56.71
2025-10-28,VQW,56.21
2025-10-29,VQW,55.42
2025-10-30,VQW,54.04
2025-10-31,VQW,54.14
2025-11-03,VQW,52.55
2025-11-04,VQW,51.64
2025-11-05,VQW,51.28
2025-11-06,VQW,50.72
2025-11-07,VQW,51.0
2025-11-10,VQW,51.22
2025-11-11,VQW,51.85
2025-11-12,VQW,52.38
2025-11-13,VQW,53.2
2025-11-14,VQW,53.21
2025-11-17,VQW,53.44
2025-11-18,VQW,53.81
2025-11-19,VQW,53.93
2025-11-20,VQW,53.65
2025-11-21,VQW,53.42
2025-11-24,VQW,52.85
2025-11-25,VQW,53.16
2025-11-26,VQW,53.11
2025-11-27,VQW,52.65
2025-11-28,VQW,52.19
2025-12-01,VQW,51.37
2025-12-02,VQW,52.05
2025-12-03,VQW,52.12
2025-12-04,VQW,51.53
2025-12-05,VQW,52.1
2025-12-08,VQW,51.72
2025-12-09,VQW,50.77
2025-12-10,VQW,51.48
2025-12-11,VQW,51.12
2025-12-12,VQW,50.85
2025-12-15,VQW,50.89
2025-12-16,VQW,51.68
2025-12-17,VQW,51.71
2025-12-18,VQW,50.9
2025-12-19,VQW,51.28
2025-12-22,VQW,50.96
2025-12-23,VQW,52.27
2025-12-24,VQW,52.28
2025-12-25,VQW,50.75
2025-12-26,VQW,51.0
2025-12-29,VQW,52.36
2025-12-30,VQW,53.48
2025-12-31,VQW,54.82
2026-01-01,VQW,54.09
2026-01-02,VQW,54.76
2026-01-05,VQW,54.25
2026-01-06,VQW,54.42
2026-01-07,VQW,53.51
2026-01-08,VQW,53.06
2026-01-09,VQW,52.6
2026-01-12,VQW,53.24
2026-01-13,VQW,53.83
2026-01-14,VQW,54.04
2026-01-15,VQW,53.08
2026-01-16,VQW,52.87
2026-01-19,VQW,52.36
2026-01-20,VQW,52.98
2026-01-21,VQW,53.83
2026-01-22,VQW,54.61
2026-01-23,VQW,54.07
2026-01-26,VQW,52.14
2026-01-27,VQW,50.93
2026-01-28,VQW,51.92
2026-01-29,VQW,51.65
2026-01-30,VQW,51.14
2026-02-02,VQW,52.29
2026-02-03,VQW,53.19
2025-10-01,WAS,192.36
2025-10-02,WAS,193.03
2025-10-03,WAS,197.59
2025-10-06,WAS,198.84
2025-10-07,WAS,200.97
2025-10-08,WAS,204.44
2025-10-09,WAS,201.05
2025-10-10,WAS,203.3
2025-10-13,WAS,202.47
2025-10-14,WAS,195.29
2025-10-15,WAS,189.41
2025-10-16,WAS,186.68
2025-10-17,WAS,188.16
2025-10-20,WAS,188.51
2025-10-21,WAS,189.05
2025-10-22,WAS,194.49
2025-10-23,WAS,191.0
2025-10-24,WAS,190.96
2025-10-27,WAS,191.84
2025-10-28,WAS,189.85
2025-10-29,WAS,189.96
2025-10-30,WAS,185.66
2025-10-31,WAS,189.52
2025-11-03,WAS,187.7
2025-11-04,WAS,193.33
2025-11-05,WAS,193.27
2025-11-06,WAS,196.2
2025-11-07,WAS,196.09
2025-11-10,WAS,196.05
2025-11-11,WAS,194.44
2025-11-12,WAS,194.81
2025-11-13,WAS,195.75
2025-11-14,WAS,193.58
2025-11-17,WAS,193.27
2025-11-18,WAS,191.61
2025-11-19,WAS,198.12
2025-11-20,WAS,197.91
2025-11-21,WAS,202.41
2025-11-24,WAS,201.88
2025-11-25,WAS,202.68
2025-11-26,WAS,198.89
2025-11-27,WAS,197.65
2025-11-28,WAS,198.29
2025-12-01,WAS,202.93
2025-12-02,WAS,203.62
2025-12-03,WAS,207.77
2025-12-04,WAS,209.74
2025-12-05,WAS,214.78
2025-12-08,WAS,214.64
2025-12-09,WAS,222.22
2025-12-10,WAS,220.71
2025-12-11,WAS,218.33
2025-12-12,WAS,214.59
2025-12-15,WAS,221.98
2025-12-16,WAS,224.67
2025-12-17,WAS,223.63
2025-12-18,WAS,227.75
2025-12-19,WAS,230.07
2025-12-22,WAS,236.74
2025-12-23,WAS,231.55
2025-12-24,WAS,230.71
2025-12-25,WAS,229.22
2025-12-26,WAS,222.82
2025-12-29,WAS,226.31
2025-12-30,WAS,225.47
2025-12-31,WAS,227.94
2026-01-01,WAS,235.89
2026-01-02,WAS,234.74
2026-01-05,WAS,233.36
2026-01-06,WAS,233.81
2026-01-07,WAS,237.21
2026-01-08,WAS,235.33
2026-01-09,WAS,233.24
2026-01-12,WAS,236.87
2026-01-13,WAS,238.22
2026-01-14,WAS,231.33
2026-01-15,WAS,227.32
2026-01-16,WAS,232.35
2026-01-19,WAS,233.75
2026-01-20,WAS,231.24
2026-01-21,WAS,230.71
2026-01-22,WAS,230.8
2026-01-23,WAS,233.32
2026-01-26,WAS,228.83
2026-01-27,WAS,226.11
2026-01-28,WAS,227.05
2026-01-29,WAS,226.77
2026-01-30,WAS,228.7
2026-02-02,WAS,224.71
2026-02-03,WAS,225.92
2025-10-01,WIR,63.2
2025-10-02,WIR,63.04
2025-10-03,WIR,61.57
2025-10-06,WIR,61.45
2025-10-07,WIR,63.72
2025-10-08,WIR,63.52
2025-10-09,WIR,61.93
2025-10-10,WIR,61.08
2025-10-13,WIR,61.44
2025-10-14,WIR,60.8
2025-10-15,WIR,61.66
2025-10-16,WIR,62.61
2025-10-17,WIR,64.23
2025-10-20,WIR,66.92
2025-10-21,WIR,68.87
2025-10-22,WIR,67.06
2025-10-23,WIR,65.36
2025-10-24,WIR,65.23
2025-10-27,WIR,64.41
2025-10-28,WIR,62.36
2025-10-29,WIR,61.59
2025-10-30,WIR,60.77
2025-10-31,WIR,59.62
2025-11-03,WIR,59.1
2025-11-04,WIR,61.14
2025-11-05,WIR,61.5
2025-11-06,WIR,66.02
2025-11-07,WIR,66.36
2025-11-10,WIR,65.82
2025-11-11,WIR,65.84
2025-11-12,WIR,66.34
2025-11-13,WIR,67.19
2025-11-14,WIR,71.32
2025-11-17,WIR,69.63
2025-11-18,WIR,71.37
2025-11-19,WIR,71.81
2025-11-20,WIR,68.67
2025-11-21,WIR,70.22
2025-11-24,WIR,72.82
2025-11-25,WIR,71.07
2025-11-26,WIR,71.07
2025-11-27,WIR,67.66
2025-11-28,WIR,65.28
2025-12-01,WIR,67.28
2025-12-02,WIR,66.4
2025-12-03,WIR,64.34
2025-12-04,WIR,64.77
2025-12-05,WIR,63.82
2025-12-08,WIR,62.98
2025-12-09,WIR,64.34
2025-12-10,WIR,62.25
2025-12-11,WIR,60.67
2025-12-12,WIR,60.95
2025-12-15,WIR,62.68
2025-12-16,WIR,64.95
2025-12-17,WIR,63.74
2025-12-18,WIR,65.49
2025-12-19,WIR,64.05
2025-12-22,WIR,67.5
2025-12-23,WIR,65.36
2025-12-24,WIR,67.9
2025-12-25,WIR,66.65
2025-12-26,WIR,70.62
2025-12-29,WIR,71.84
2025-12-30,WIR,69.79
2025-12-31,WIR,68.77
2026-01-01,WIR,70.34
2026-01-02,WIR,72.51
2026-01-05,WIR,72.38
2026-01-06,WIR,72.48
2026-01-07,WIR,74.09
2026-01-08,WIR,74.38
2026-01-09,WIR,71.69
2026-01-12,WIR,70.06
2026-01-13,WIR,70.55
2026-01-14,WIR,73.06
2026-01-15,WIR,76.53
2026-01-16,WIR,78.28
2026-01-19,WIR,78.94
2026-01-20,WIR,80.67
2026-01-21,WIR,79.16
2026-01-22,WIR,78.83
2026-01-23,WIR,77.0
2026-01-26,WIR,74.31
2026-01-27,WIR,75.04
2026-01-28,WIR,75.46
2026-01-29,WIR,76.97
2026-01-30,WIR,78.2
2026-02-02,WIR,78.76
2026-02-03,WIR,80.04
2025-10-01,XCK,191.22
2025-10-02,XCK,193.27
2025-10-03,XCK,197.0
2025-10-06,XCK,193.34
2025-10-07,XCK,193.66
2025-10-08,XCK,190.31
2025-10-09,XCK,187.53
2025-10-10,XCK,181.69
2025-10-13,XCK,188.36
2025-10-14,XCK,194.16
2025-10-15,XCK,197.18
2025-10-16,XCK,208.54
2025-10-17,XCK,207.46
2025-10-20,XCK,226.1
2025-10-21,XCK,224.69
2025-10-22,XCK,226.36
2025-10-23,XCK,223.87
2025-10-24,XCK,226.29
2025-10-27,XCK,231.75
2025-10-28,XCK,231.05
2025-10-29,XCK,243.02
2025-10-30,XCK,244.72
2025-10-31,XCK,246.65
2025-11-03,XCK,240.43
2025-11-04,XCK,243.34
2025-11-05,XCK,242.47
2025-11-06,XCK,238.38
2025-11-07,XCK,233.24
2025-11-10,XCK,251.62
2025-11-11,XCK,249.8
2025-11-12,XCK,239.75
2025-11-13,XCK,235.11
2025-11-14,XCK,234.81
2025-11-17,XCK,238.52
2025-11-18,XCK,242.35
2025-11-19,XCK,247.08
2025-11-20,XCK,242.66
2025-11-21,XCK,245.06
2025-11-24,XCK,239.11
2025-11-25,XCK,235.0
2025-11-26,XCK,229.02
2025-11-27,XCK,221.49
2025-11-28,XCK,228.3
2025-12-01,XCK,232.84
2025-12-02,XCK,239.42
2025-12-03,XCK,239.73
2025-12-04,XCK,245.11
2025-12-05,XCK,233.24
2025-12-08,XCK,239.05
2025-12-09,XCK,240.3
2025-12-10,XCK,244.65
2025-12-11,XCK,247.35
2025-12-12,XCK,240.58
2025-12-15,XCK,230.64
2025-12-16,XCK,226.09
2025-12-17,XCK,229.78
2025-12-18,XCK,234.36
2025-12-19,XCK,225.5
2025-12-22,XCK,219.37
2025-12-23,XCK,214.97
2025-12-24,XCK,212.85
2025-12-25,XCK,204.84
2025-12-26,XCK,196.8
2025-12-29,XCK,192.31
2025-12-30,XCK,192.82
2025-12-31,XCK,186.52
2026-01-01,XCK,185.95
2026-01-02,XCK,191.64
2026-01-05,XCK,184.75
2026-01-06,XCK,183.71
2026-01-07,XCK,189.15
2026-01-08,XCK,186.97
2026-01-09,XCK,183.99
2026-01-12,XCK,190.19
2026-01-13,XCK,188.58
2026-01-14,XCK,194.61
2026-01-15,XCK,197.03
2026-01-16,XCK,195.16
2026-01-19,XCK,197.87
2026-01-20,XCK,199.71
2026-01-21,XCK,205.61
2026-01-22,XCK,202.48
2026-01-23,XCK,202.76
2026-01-26,XCK,202.45
2026-01-27,XCK,206.56
2026-01-28,XCK,200.7
2026-01-29,XCK,206.6
2026-01-30,XCK,209.39
2026-02-02,XCK,201.77
2026-02-03,XCK,208.83
2025-10-01,XWH,136.69
2025-10-02,XWH,136.93
2025-10-03,XWH,132.77
2025-10-06,XWH,128.29
2025-10-07,XWH,128.93
2025-10-08,XWH,127.54
2025-10-09,XWH,125.4
2025-10-10,XWH,125.27
2025-10-13,XWH,126.75
2025-10-14,XWH,123.38
2025-10-15,XWH,122.37
2025-10-16,XWH,125.9
2025-10-17,XWH,123.42
2025-10-20,XWH,125.47
2025-10-21,XWH,124.36
2025-10-22,XWH,125.66
2025-10-23,XWH,128.29
2025-10-24,XWH,130.11
2025-10-27,XWH,132.37
2025-10-28,XWH,129.58
2025-10-29,XWH,132.33
2025-10-30,XWH,130.26
2025-10-31,XWH,130.92
2025-11-03,XWH,131.58
2025-11-04,XWH,132.81
2025-11-05,XWH,133.68
2025-11-06,XWH,131.61
2025-11-07,XWH,128.35
2025-11-10,XWH,130.49
2025-11-11,XWH,130.97
2025-11-12,XWH,133.84
2025-11-13,XWH,133.76
2025-11-14,XWH,130.31
2025-11-17,XWH,132.72
2025-11-18,XWH,131.83
2025-11-19,XWH,132.7
2025-11-20,XWH,131.13
2025-11-21,XWH,135.25
2025-11-24,XWH,133.08
2025-11-25,XWH,132.27
2025-11-26,XWH,132.56
2025-11-27,XWH,129.9
2025-11-28,XWH,130.74
2025-12-01,XWH,134.77
2025-12-02,XWH,133.56
2025-12-03,XWH,134.58
2025-12-04,XWH,127.86
2025-12-05,XWH,127.79
2025-12-08,XWH,127.07
2025-12-09,XWH,125.16
2025-12-10,XWH,127.75
2025-12-11,XWH,126.99
2025-12-12,XWH,126.6
2025-12-15,XWH,125.73
2025-12-16,XWH,121.33
2025-12-17,XWH,118.81
2025-12-18,XWH,120.99
2025-12-19,XWH,116.33
2025-12-22,XWH,114.69
2025-12-23,XWH,113.86
2025-12-24,XWH,117.66
2025-12-25,XWH,119.39
2025-12-26,XWH,118.18
2025-12-29,XWH,121.12
2025-12-30,XWH,119.48
2025-12-31,XWH,121.78
2026-01-01,XWH,118.75
2026-01-02,XWH,121.18
2026-01-05,XWH,120.29
2026-01-06,XWH,118.02
2026-01-07,XWH,117.56
2026-01-08,XWH,118.2
2026-01-09,XWH,117.13
2026-01-12,XWH,118.38
2026-01-13,XWH,117.11
2026-01-14,XWH,118.51
2026-01-15,XWH,119.51
2026-01-16,XWH,119.4
2026-01-19,XWH,118.44
2026-01-20,XWH,118.8
2026-01-21,XWH,120.06
2026-01-22,XWH,124.8
2026-01-23,XWH,127.04
2026-01-26,XWH,129.41
2026-01-27,XWH,137.14
2026-01-28,XWH,138.5
2026-01-29,XWH,139.79
2026-01-30,XWH,141.67
2026-02-02,XWH,139.05
2026-02-03,XWH,137.92
2025-10-01,YIC,236.56
2025-10-02,YIC,237.19
2025-10-03,YIC,241.83
2025-10-06,YIC,245.6
2025-10-07,YIC,244.95
2025-10-08,YIC,242.11
2025-10-09,YIC,247.07
2025-10-10,YIC,250.52
2025-10-13,YIC,243.56
2025-10-14,YIC,242.26
2025-10-15,YIC,243.02
2025-10-16,YIC,246.44
2025-10-17,YIC,250.48
2025-10-20,YIC,251.79
2025-10-21,YIC,254.46
2025-10-22,YIC,254.8
2025-10-23,YIC,251.83
2025-10-24,YIC,250.72
2025-10-27,YIC,250.86
2025-10-28,YIC,250.75
2025-10-29,YIC,242.59
2025-10-30,YIC,240.94
2025-10-31,YIC,241.23
2025-11-03,YIC,240.08
2025-11-04,YIC,239.08
2025-11-05,YIC,241.2
2025-11-06,YIC,236.69
2025-11-07,YIC,230.03
2025-11-10,YIC,228.67
2025-11-11,YIC,231.82
2025-11-12,YIC,238.88
2025-11-13,YIC,242.25
2025-11-14,YIC,236.1
2025-11-17,YIC,235.18
2025-11-18,YIC,236.29
2025-11-19,YIC,237.08
2025-11-20,YIC,239.4
2025-11-21,YIC,235.6
2025-11-24,YIC,235.92
2025-11-25,YIC,237.73
2025-11-26,YIC,241.27
2025-11-27,YIC,237.9
2025-11-28,YIC,236.51
2025-12-01,YIC,225.52
2025-12-02,YIC,223.1
2025-12-03,YIC,221.09
2025-12-04,YIC,217.19
2025-12-05,YIC,217.87
2025-12-08,YIC,217.7
2025-12-09,YIC,209.22
2025-12-10,YIC,210.06
2025-12-11,YIC,206.69
2025-12-12,YIC,208.51
2025-12-15,YIC,203.88
2025-12-16,YIC,204.03
2025-12-17,YIC,203.05
2025-12-18,YIC,204.18
2025-12-19,YIC,204.67
2025-12-22,YIC,203.79
2025-12-23,YIC,198.38
2025-12-24,YIC,193.31
2025-12-25,YIC,191.36
2025-12-26,YIC,191.37
2025-12-29,YIC,189.37
2025-12-30,YIC,191.51
2025-12-31,YIC,190.6
2026-01-01,YIC,187.42
2026-01-02,YIC,186.54
2026-01-05,YIC,187.32
2026-01-06,YIC,188.44
2026-01-07,YIC,194.83
2026-01-08,YIC,192.58
2026-01-09,YIC,192.37
2026-01-12,YIC,193.86
2026-01-13,YIC,193.82
2026-01-14,YIC,192.15
2026-01-15,YIC,187.0
2026-01-16,YIC,185.36
2026-01-19,YIC,181.92
2026-01-20,YIC,176.49
2026-01-21,YIC,174.06
2026-01-22,YIC,170.9
2026-01-23,YIC,172.71
2026-01-26,YIC,174.59
2026-01-27,YIC,171.86
2026-01-28,YIC,171.1
2026-01-29,YIC,165.61
2026-01-30,YIC,164.2
2026-02-02,YIC,165.4
2026-02-03,YIC,167.86
2025-10-01,ZJO,117.46
2025-10-02,ZJO,114.08
2025-10-03,ZJO,116.03
2025-10-06,ZJO,120.7
2025-10-07,ZJO,122.13
2025-10-08,ZJO,122.04
2025-10-09,ZJO,115.93
2025-10-10,ZJO,110.56
2025-10-13,ZJO,110.92
2025-10-14,ZJO,110.01
2025-10-15,ZJO,107.21
2025-10-16,ZJO,107.4
2025-10-17,ZJO,107.71
2025-10-20,ZJO,110.15
2025-10-21,ZJO,110.53
2025-10-22,ZJO,113.79
2025-10-23,ZJO,113.84
2025-10-24,ZJO,113.55
2025-10-27,ZJO,116.45
2025-10-28,ZJO,113.82
2025-10-29,ZJO,121.64
2025-10-30,ZJO,122.74
2025-10-31,ZJO,123.87
2025-11-03,ZJO,125.43
2025-11-04,ZJO,131.12
2025-11-05,ZJO,133.61
2025-11-06,ZJO,128.69
2025-11-07,ZJO,133.03
2025-11-10,ZJO,132.0
2025-11-11,ZJO,132.36
2025-11-12,ZJO,128.46
2025-11-13,ZJO,130.09
2025-11-14,ZJO,128.14
2025-11-17,ZJO,128.46
2025-11-18,ZJO,127.63
2025-11-19,ZJO,133.57
2025-11-20,ZJO,139.97
2025-11-21,ZJO,140.15
2025-11-24,ZJO,140.39
2025-11-25,ZJO,139.19
2025-11-26,ZJO,142.89
2025-11-27,ZJO,141.82
2025-11-28,ZJO,140.45
2025-12-01,ZJO,143.74
2025-12-02,ZJO,141.96
2025-12-03,ZJO,141.87
2025-12-04,ZJO,136.72
2025-12-05,ZJO,139.03
2025-12-08,ZJO,145.55
2025-12-09,ZJO,148.07
2025-12-10,ZJO,153.28
2025-12-11,ZJO,150.29
2025-12-12,ZJO,151.15
2025-12-15,ZJO,147.87
2025-12-16,ZJO,147.11
2025-12-17,ZJO,149.83
2025-12-18,ZJO,150.22
2025-12-19,ZJO,145.34
2025-12-22,ZJO,140.95
2025-12-23,ZJO,136.47
2025-12-24,ZJO,138.08
2025-12-25,ZJO,144.98
2025-12-26,ZJO,149.73
2025-12-29,ZJO,143.23
2025-12-30,ZJO,148.13
2025-12-31,ZJO,151.45
2026-01-01,ZJO,146.08
2026-01-02,ZJO,145.07
2026-01-05,ZJO,148.88
2026-01-06,ZJO,150.85
2026-01-07,ZJO,146.31
2026-01-08,ZJO,148.46
2026-01-09,ZJO,141.21
2026-01-12,ZJO,140.5
2026-01-13,ZJO,144.34
2026-01-14,ZJO,144.43
2026-01-15,ZJO,142.77
2026-01-16,ZJO,145.82
2026-01-19,ZJO,149.23
2026-01-20,ZJO,153.93
2026-01-21,ZJO,157.16
2026-01-22,ZJO,161.24
2026-01-23,ZJO,164.07
2026-01-26,ZJO,165.13
2026-01-27,ZJO,165.51
2026-01-28,ZJO,164.63
2026-01-29,ZJO,160.03
2026-01-30,ZJO,156.51
2026-02-02,ZJO,155.5
2026-02-03,ZJO,156.42
2025-10-01,ZNZ,211.54
2025-10-02,ZNZ,214.72
2025-10-03,ZNZ,214.09
2025-10-06,ZNZ,215.88
2025-10-07,ZNZ,215.21
2025-10-08,ZNZ,219.17
2025-10-09,ZNZ,221.12
2025-10-10,ZNZ,217.6
2025-10-13,ZNZ,218.13
2025-10-14,ZNZ,223.13
2025-10-15,ZNZ,222.62
2025-10-16,ZNZ,224.03
2025-10-17,ZNZ,225.75
2025-10-20,ZNZ,222.63
2025-10-21,ZNZ,224.23
2025-10-22,ZNZ,220.05
2025-10-23,ZNZ,218.22
2025-10-24,ZNZ,221.49
2025-10-27,ZNZ,222.62
2025-10-28,ZNZ,221.74
2025-10-29,ZNZ,223.14
2025-10-30,ZNZ,223.0
2025-10-31,ZNZ,223.08
2025-11-03,ZNZ,225.14
2025-11-04,ZNZ,222.96
2025-11-05,ZNZ,223.13
2025-11-06,ZNZ,222.22
2025-11-07,ZNZ,217.51
2025-11-10,ZNZ,214.84
2025-11-11,ZNZ,219.53
2025-11-12,ZNZ,220.73
2025-11-13,ZNZ,216.82
2025-11-14,ZNZ,212.35
2025-11-17,ZNZ,212.07
2025-11-18,ZNZ,216.68
2025-11-19,ZNZ,216.17
2025-11-20,ZNZ,220.11
2025-11-21,ZNZ,221.21
2025-11-24,ZNZ,222.68
2025-11-25,ZNZ,218.7
2025-11-26,ZNZ,221.56
2025-11-27,ZNZ,220.6
2025-11-28,ZNZ,223.25
2025-12-01,ZNZ,220.83
2025-12-02,ZNZ,221.41
2025-12-03,ZNZ,222.52
2025-12-04,ZNZ,222.1
2025-12-05,ZNZ,223.37
2025-12-08,ZNZ,222.61
2025-12-09,ZNZ,220.69
2025-12-10,ZNZ,225.62
2025-12-11,ZNZ,228.92
2025-12-12,ZNZ,226.6
2025-12-15,ZNZ,228.41
2025-12-16,ZNZ,226.15
2025-12-17,ZNZ,222.57
2025-12-18,ZNZ,225.78
2025-12-19,ZNZ,220.63
2025-12-22,ZNZ,223.49
2025-12-23,ZNZ,222.76
2025-12-24,ZNZ,222.16
2025-12-25,ZNZ,223.45
2025-12-26,ZNZ,225.28
2025-12-29,ZNZ,222.8
2025-12-30,ZNZ,225.03
2025-12-31,ZNZ,225.43
2026-01-01,ZNZ,221.64
2026-01-02,ZNZ,221.17
2026-01-05,ZNZ,225.43
2026-01-06,ZNZ,230.69
2026-01-07,ZNZ,233.0
2026-01-08,ZNZ,229.3
2026-01-09,ZNZ,230.88
2026-01-12,ZNZ,233.63
2026-01-13,ZNZ,236.0
2026-01-14,ZNZ,238.59
2026-01-15,ZNZ,239.82
2026-01-16,ZNZ,239.63
2026-01-19,ZNZ,237.7
2026-01-20,ZNZ,231.67
2026-01-21,ZNZ,232.79
2026-01-22,ZNZ,233.43
2026-01-23,ZNZ,235.26
2026-01-26,ZNZ,231.05
2026-01-27,ZNZ,233.14
2026-01-28,ZNZ,239.82
2026-01-29,ZNZ,240.12
2026-01-30,ZNZ,239.97
2026-02-02,ZNZ,241.03
2026-02-03,ZNZ,247.86
2025-10-01,ZQO,158.67
2025-10-02,ZQO,157.45
2025-10-03,ZQO,157.36
2025-10-06,ZQO,160.5
2025-10-07,ZQO,164.79
2025-10-08,ZQO,165.9
2025-10-09,ZQO,165.03
2025-10-10,ZQO,171.14
2025-10-13,ZQO,170.12
2025-10-14,ZQO,168.75
2025-10-15,ZQO,164.49
2025-10-16,ZQO,167.89
2025-10-17,ZQO,170.3
2025-10-20,ZQO,176.42
2025-10-21,ZQO,172.93
2025-10-22,ZQO,176.66
2025-10-23,ZQO,176.88
2025-10-24,ZQO,179.0
2025-10-27,ZQO,174.8
2025-10-28,ZQO,178.6
2025-10-29,ZQO,180.69
2025-10-30,ZQO,180.62
2025-10-31,ZQO,182.36
2025-11-03,ZQO,180.38
2025-11-04,ZQO,178.9
2025-11-05,ZQO,177.74
2025-11-06,ZQO,173.06
2025-11-07,ZQO,175.27
2025-11-10,ZQO,178.37
2025-11-11,ZQO,176.59
2025-11-12,ZQO,177.52
2025-11-13,ZQO,176.88
2025-11-14,ZQO,177.76
2025-11-17,ZQO,176.18
2025-11-18,ZQO,173.97
2025-11-19,ZQO,176.68
2025-11-20,ZQO,176.55
2025-11-21,ZQO,181.85
2025-11-24,ZQO,182.01
2025-11-25,ZQO,179.62
2025-11-26,ZQO,182.88
2025-11-27,ZQO,184.6
2025-11-28,ZQO,186.59
2025-12-01,ZQO,189.89
2025-12-02,ZQO,188.13
2025-12-03,ZQO,187.82
2025-12-04,ZQO,187.39
2025-12-05,ZQO,183.95
2025-12-08,ZQO,183.29
2025-12-09,ZQO,186.91
2025-12-10,ZQO,187.6
2025-12-11,ZQO,184.0
2025-12-12,ZQO,179.93
2025-12-15,ZQO,184.37
2025-12-16,ZQO,184.16
2025-12-17,ZQO,182.48
2025-12-18,ZQO,181.79
2025-12-19,ZQO,177.97
2025-12-22,ZQO,181.72
2025-12-23,ZQO,180.72
2025-12-24,ZQO,184.38
2025-12-25,ZQO,184.56
2025-12-26,ZQO,188.46
2025-12-29,ZQO,189.21
2025-12-30,ZQO,191.6
2025-12-31,ZQO,193.65
2026-01-01,ZQO,195.45
2026-01-02,ZQO,196.48
2026-01-05,ZQO,195.86
2026-01-06,ZQO,201.42
2026-01-07,ZQO,198.82
2026-01-08,ZQO,198.88
2026-01-09,ZQO,198.96
2026-01-12,ZQO,200.16
2026-01-13,ZQO,198.96
2026-01-14,ZQO,199.91
2026-01-15,ZQO,199.46
2026-01-16,ZQO,194.97
2026-01-19,ZQO,195.04
2026-01-20,ZQO,191.99
2026-01-21,ZQO,187.25
2026-01-22,ZQO,187.66
2026-01-23,ZQO,189.03
2026-01-26,ZQO,190.52
2026-01-27,ZQO,192.13
2026-01-28,ZQO,186.85
2026-01-29,ZQO,183.24
2026-01-30,ZQO,188.6
2026-02-02,ZQO,185.79
2026-02-03,ZQO,187.48
